{
 "crs": {
  "properties": {
   "name": "urn:ogc:def:crs:EPSG::4326"
  },
  "type": "name"
 },
 "features": [
  {
   "geometry": {
    "coordinates": [
     [
      [
       16.37617374,
       48.18734601
      ],
      [
       16.37615977,
       48.18736589
      ],
      [
       16.37609991,
       48.18734711
      ],
      [
       16.37611388,
       48.18732714
      ],
      [
       16.37617374,
       48.18734601
      ]
     ]
    ],
    "type": "Polygon"
   },
   "geometry_name": "SHAPE",
   "id": "GEBAEUDETYPOGD.23246276",
   "properties": {
    "ACD": "008171",
    "BAUTYP": 13,
    "BAUTYP_TXT": "W3.3.-Mieth.s.d.Gründerzeit-Doppeltrakter mit Verbindungstr.",
    "BEZUG": "008171",
    "OBJECTID": 23246276,
    "OBJ_STR": null,
    "OBJ_STR2": 31,
    "OBJ_STR2_TXT": "1848 -1918",
    "OBJ_STR_TXT": null,
    "SE_ANNO_CAD_DATA": null
   },
   "type": "Feature"
  },
  {
   "geometry": {
    "coordinates": [
     [
      [
       16.37632979,
       48.18739506
      ],
      [
       16.37631582,
       48.18741494
      ],
      [
       16.37626053,
       48.18739751
      ],
      [
       16.3762745,
       48.18737763
      ],
      [
       16.37632979,
       48.18739506
      ]
     ]
    ],
    "type": "Polygon"
   },
   "geometry_name": "SHAPE",
   "id": "GEBAEUDETYPOGD.23246266",
   "properties": {
    "ACD": "008171",
    "BAUTYP": 13,
    "BAUTYP_TXT": "W3.3.-Mieth.s.d.Gründerzeit-Doppeltrakter mit Verbindungstr.",
    "BEZUG": "008171",
    "OBJECTID": 23246266,
    "OBJ_STR": null,
    "OBJ_STR2": 31,
    "OBJ_STR2_TXT": "1848 -1918",
    "OBJ_STR_TXT": null,
    "SE_ANNO_CAD_DATA": null
   },
   "type": "Feature"
  },
  {
   "geometry": {
    "coordinates": [
     [
      [
       [
        16.37627763,
        48.18726063
       ],
       [
        16.37627441,
        48.18726099
       ],
       [
        16.37618979,
        48.18723431
       ],
       [
        16.37619288,
        48.18722999
       ],
       [
        16.37621411,
        48.18719985
       ],
       [
        16.37620562,
        48.18718574
       ],
       [
        16.37615868,
        48.18717091
       ],
       [
        16.37617466,
        48.18714816
       ],
       [
        16.37619119,
        48.18712495
       ],
       [
        16.37622816,
        48.18707374
       ],
       [
        16.3763255,
        48.18710478
       ],
       [
        16.37632637,
        48.18710371
       ],
       [
        16.37633452,
        48.18710624
       ],
       [
        16.37633414,
        48.18710715
       ],
       [
        16.37633678,
        48.18710797
       ],
       [
        16.37633718,
        48.18710809
       ],
       [
        16.37635758,
        48.18711438
       ],
       [
        16.37636066,
        48.18711534
       ],
       [
        16.37636147,
        48.18711475
       ],
       [
        16.37636918,
        48.18711729
       ],
       [
        16.37636861,
        48.18711788
       ],
       [
        16.37646594,
        48.18714879
       ],
       [
        16.37646559,
        48.18714927
       ],
       [
        16.37645656,
        48.18716155
       ],
       [
        16.37639678,
        48.1872461
       ],
       [
        16.37630531,
        48.18721718
       ],
       [
        16.37630692,
        48.18721916
       ],
       [
        16.3763084,
        48.18722114
       ],
       [
        16.37630961,
        48.1872232
       ],
       [
        16.37631069,
        48.18722536
       ],
       [
        16.37631137,
        48.18722752
       ],
       [
        16.37631191,
        48.18722968
       ],
       [
        16.37631204,
        48.18723192
       ],
       [
        16.37631204,
        48.18723408
       ],
       [
        16.37631178,
        48.18723633
       ],
       [
        16.37631124,
        48.18723849
       ],
       [
        16.37631043,
        48.18724065
       ],
       [
        16.37630936,
        48.18724281
       ],
       [
        16.37630802,
        48.18724488
       ],
       [
        16.37630654,
        48.18724677
       ],
       [
        16.37630479,
        48.18724865
       ],
       [
        16.37630278,
        48.18725045
       ],
       [
        16.37630063,
        48.18725216
       ],
       [
        16.37629821,
        48.18725369
       ],
       [
        16.37629565,
        48.18725513
       ],
       [
        16.37629296,
        48.18725648
       ],
       [
        16.37629014,
        48.18725756
       ],
       [
        16.37628718,
        48.18725864
       ],
       [
        16.37628517,
        48.18725918
       ],
       [
        16.37628409,
        48.18725945
       ],
       [
        16.37628086,
        48.18726009
       ],
       [
        16.37627763,
        48.18726063
       ]
      ],
      [
       [
        16.3762487,
        48.18724112
       ],
       [
        16.37629054,
        48.18725433
       ],
       [
        16.37630975,
        48.18722707
       ],
       [
        16.37626792,
        48.18721386
       ],
       [
        16.3762487,
        48.18724112
       ]
      ],
      [
       [
        16.37623601,
        48.18716747
       ],
       [
        16.37624435,
        48.18717007
       ],
       [
        16.37625012,
        48.18716189
       ],
       [
        16.37624178,
        48.18715928
       ],
       [
        16.37623601,
        48.18716747
       ]
      ]
     ]
    ],
    "type": "MultiPolygon"
   },
   "geometry_name": "SHAPE",
   "id": "GEBAEUDETYPOGD.23246292",
   "properties": {
    "ACD": "008171",
    "BAUTYP": 13,
    "BAUTYP_TXT": "W3.3.-Mieth.s.d.Gründerzeit-Doppeltrakter mit Verbindungstr.",
    "BEZUG": "008171",
    "OBJECTID": 23246292,
    "OBJ_STR": null,
    "OBJ_STR2": 31,
    "OBJ_STR2_TXT": "1848 -1918",
    "OBJ_STR_TXT": null,
    "SE_ANNO_CAD_DATA": null
   },
   "type": "Feature"
  },
  {
   "geometry": {
    "coordinates": [
     [
      [
       [
        16.37639581,
        48.18740929
       ],
       [
        16.37639422,
        48.18741527
       ],
       [
        16.37639113,
        48.1874143
       ],
       [
        16.37632979,
        48.18739506
       ],
       [
        16.3762745,
        48.18737763
       ],
       [
        16.37617374,
        48.18734601
       ],
       [
        16.37611388,
        48.18732714
       ],
       [
        16.37606034,
        48.18731034
       ],
       [
        16.37611109,
        48.18723828
       ],
       [
        16.37613073,
        48.1872104
       ],
       [
        16.37613383,
        48.18721138
       ],
       [
        16.37619288,
        48.18722999
       ],
       [
        16.37618979,
        48.18723431
       ],
       [
        16.37627441,
        48.18726099
       ],
       [
        16.37627763,
        48.18726063
       ],
       [
        16.37628086,
        48.18726009
       ],
       [
        16.37628409,
        48.18725945
       ],
       [
        16.37628517,
        48.18725918
       ],
       [
        16.37636587,
        48.18728462
       ],
       [
        16.37636897,
        48.18728559
       ],
       [
        16.37635729,
        48.18730224
       ],
       [
        16.37641903,
        48.18732173
       ],
       [
        16.37639581,
        48.18740929
       ]
      ],
      [
       [
        16.37620838,
        48.18727144
       ],
       [
        16.37622103,
        48.18727548
       ],
       [
        16.37622774,
        48.18726595
       ],
       [
        16.3762151,
        48.187262
       ],
       [
        16.37620838,
        48.18727144
       ]
      ]
     ]
    ],
    "type": "MultiPolygon"
   },
   "geometry_name": "SHAPE",
   "id": "GEBAEUDETYPOGD.23246265",
   "properties": {
    "ACD": "008171",
    "BAUTYP": 13,
    "BAUTYP_TXT": "W3.3.-Mieth.s.d.Gründerzeit-Doppeltrakter mit Verbindungstr.",
    "BEZUG": "008171",
    "OBJECTID": 23246265,
    "OBJ_STR": null,
    "OBJ_STR2": 31,
    "OBJ_STR2_TXT": "1848 -1918",
    "OBJ_STR_TXT": null,
    "SE_ANNO_CAD_DATA": null
   },
   "type": "Feature"
  },
  {
   "geometry": {
    "coordinates": [
     [
      [
       16.37630975,
       48.18722707
      ],
      [
       16.37629054,
       48.18725433
      ],
      [
       16.3762487,
       48.18724112
      ],
      [
       16.37626792,
       48.18721386
      ],
      [
       16.37630975,
       48.18722707
      ]
     ]
    ],
    "type": "Polygon"
   },
   "geometry_name": "SHAPE",
   "id": "GEBAEUDETYPOGD.23246295",
   "properties": {
    "ACD": "008171",
    "BAUTYP": 13,
    "BAUTYP_TXT": "W3.3.-Mieth.s.d.Gründerzeit-Doppeltrakter mit Verbindungstr.",
    "BEZUG": "008171",
    "OBJECTID": 23246295,
    "OBJ_STR": null,
    "OBJ_STR2": 31,
    "OBJ_STR2_TXT": "1848 -1918",
    "OBJ_STR_TXT": null,
    "SE_ANNO_CAD_DATA": null
   },
   "type": "Feature"
  },
  {
   "geometry": {
    "coordinates": [
     [
      [
       16.37603835,
       48.1875725
      ],
      [
       16.37603822,
       48.18757295
      ],
      [
       16.37588329,
       48.18754121
      ],
      [
       16.37586331,
       48.18753711
      ],
      [
       16.37573893,
       48.18751163
      ],
      [
       16.3757636,
       48.18741747
      ],
      [
       16.37576843,
       48.18739885
      ],
      [
       16.37577168,
       48.1873995
      ],
      [
       16.37577475,
       48.18740011
      ],
      [
       16.3758225,
       48.18740998
      ],
      [
       16.37590012,
       48.18742587
      ],
      [
       16.37589985,
       48.1874238
      ],
      [
       16.37589984,
       48.18742174
      ],
      [
       16.37590025,
       48.18741967
      ],
      [
       16.37590078,
       48.18741769
      ],
      [
       16.37590159,
       48.18741571
      ],
      [
       16.3759028,
       48.18741373
      ],
      [
       16.37590414,
       48.18741184
      ],
      [
       16.37590562,
       48.18741013
      ],
      [
       16.3759075,
       48.18740842
      ],
      [
       16.37590952,
       48.1874068
      ],
      [
       16.37591167,
       48.18740536
      ],
      [
       16.37591409,
       48.1874041
      ],
      [
       16.37591664,
       48.18740284
      ],
      [
       16.37591933,
       48.18740185
      ],
      [
       16.37592202,
       48.18740095
      ],
      [
       16.37592498,
       48.18740032
      ],
      [
       16.37592794,
       48.18739978
      ],
      [
       16.37593103,
       48.18739942
      ],
      [
       16.37593412,
       48.18739924
      ],
      [
       16.37593721,
       48.18739924
      ],
      [
       16.37594031,
       48.18739933
      ],
      [
       16.37594327,
       48.18739969
      ],
      [
       16.37594636,
       48.18740023
      ],
      [
       16.37594919,
       48.18740094
      ],
      [
       16.37595201,
       48.18740175
      ],
      [
       16.3759547,
       48.18740283
      ],
      [
       16.37595726,
       48.187404
      ],
      [
       16.37595968,
       48.18740526
      ],
      [
       16.37596183,
       48.1874067
      ],
      [
       16.37596385,
       48.18740831
      ],
      [
       16.37596573,
       48.18740993
      ],
      [
       16.37596735,
       48.18741173
      ],
      [
       16.3759687,
       48.18741362
      ],
      [
       16.37596977,
       48.18741551
      ],
      [
       16.37597072,
       48.18741748
      ],
      [
       16.37597126,
       48.18741955
      ],
      [
       16.37597166,
       48.18742153
      ],
      [
       16.37597166,
       48.1874236
      ],
      [
       16.37597153,
       48.18742567
      ],
      [
       16.37597099,
       48.18742774
      ],
      [
       16.37597032,
       48.18742972
      ],
      [
       16.37596938,
       48.18743169
      ],
      [
       16.37596817,
       48.18743358
      ],
      [
       16.3759667,
       48.18743547
      ],
      [
       16.37596495,
       48.18743718
      ],
      [
       16.37596307,
       48.1874388
      ],
      [
       16.37603459,
       48.18745346
      ],
      [
       16.37608789,
       48.18746439
      ],
      [
       16.37603835,
       48.1875725
      ]
     ]
    ],
    "type": "Polygon"
   },
   "geometry_name": "SHAPE",
   "id": "GEBAEUDETYPOGD.23246226",
   "properties": {
    "ACD": "008195",
    "BAUTYP": 10,
    "BAUTYP_TXT": "W3.1.-Mieth.s.d.Gründerzeit-Straßentrakter",
    "BEZUG": "008195",
    "OBJECTID": 23246226,
    "OBJ_STR": null,
    "OBJ_STR2": 31,
    "OBJ_STR2_TXT": "1848 -1918",
    "OBJ_STR_TXT": null,
    "SE_ANNO_CAD_DATA": null
   },
   "type": "Feature"
  },
  {
   "geometry": {
    "coordinates": [
     [
      [
       16.37609447,
       48.18745009
      ],
      [
       16.37608789,
       48.18746439
      ],
      [
       16.37603459,
       48.18745346
      ],
      [
       16.37604213,
       48.187437
      ],
      [
       16.37609547,
       48.18744793
      ],
      [
       16.37609447,
       48.18745009
      ]
     ]
    ],
    "type": "Polygon"
   },
   "geometry_name": "SHAPE",
   "id": "GEBAEUDETYPOGD.23247721",
   "properties": {
    "ACD": "008195",
    "BAUTYP": 10,
    "BAUTYP_TXT": "W3.1.-Mieth.s.d.Gründerzeit-Straßentrakter",
    "BEZUG": "008195",
    "OBJECTID": 23247721,
    "OBJ_STR": null,
    "OBJ_STR2": 31,
    "OBJ_STR2_TXT": "1848 -1918",
    "OBJ_STR_TXT": null,
    "SE_ANNO_CAD_DATA": null
   },
   "type": "Feature"
  },
  {
   "geometry": {
    "coordinates": [
     [
      [
       [
        16.37633681,
        48.1876327
       ],
       [
        16.37633652,
        48.1876333
       ],
       [
        16.37633176,
        48.18763233
       ],
       [
        16.37629893,
        48.18762564
       ],
       [
        16.37619971,
        48.18760541
       ],
       [
        16.37617394,
        48.18760016
       ],
       [
        16.37607074,
        48.18757911
       ],
       [
        16.37604489,
        48.18757384
       ],
       [
        16.37603835,
        48.1875725
       ],
       [
        16.37608789,
        48.18746439
       ],
       [
        16.37609447,
        48.18745009
       ],
       [
        16.37613684,
        48.1874588
       ],
       [
        16.37614074,
        48.18745016
       ],
       [
        16.37620826,
        48.18746408
       ],
       [
        16.37621648,
        48.18747514
       ],
       [
        16.37621876,
        48.18747433
       ],
       [
        16.37622118,
        48.18747361
       ],
       [
        16.3762236,
        48.18747315
       ],
       [
        16.37622616,
        48.18747279
       ],
       [
        16.37622871,
        48.18747261
       ],
       [
        16.37623127,
        48.18747261
       ],
       [
        16.37623382,
        48.18747279
       ],
       [
        16.37623638,
        48.18747306
       ],
       [
        16.3762388,
        48.1874736
       ],
       [
        16.37624122,
        48.18747432
       ],
       [
        16.37624351,
        48.18747513
       ],
       [
        16.37624553,
        48.18747611
       ],
       [
        16.37624754,
        48.18747719
       ],
       [
        16.37624929,
        48.18747845
       ],
       [
        16.37625091,
        48.1874798
       ],
       [
        16.37625239,
        48.18748124
       ],
       [
        16.37625347,
        48.18748277
       ],
       [
        16.37626866,
        48.18747647
       ],
       [
        16.37633618,
        48.18749029
       ],
       [
        16.37633229,
        48.18749893
       ],
       [
        16.3763667,
        48.18750598
       ],
       [
        16.37636995,
        48.18750665
       ],
       [
        16.37636379,
        48.18752992
       ],
       [
        16.37636271,
        48.18753399
       ],
       [
        16.37633681,
        48.1876327
       ]
      ],
      [
       [
        16.37623066,
        48.18755373
       ],
       [
        16.3762542,
        48.18755858
       ],
       [
        16.37626212,
        48.1875414
       ],
       [
        16.37623858,
        48.18753655
       ],
       [
        16.37623066,
        48.18755373
       ]
      ]
     ]
    ],
    "type": "MultiPolygon"
   },
   "geometry_name": "SHAPE",
   "id": "GEBAEUDETYPOGD.23246216",
   "properties": {
    "ACD": "008160",
    "BAUTYP": 10,
    "BAUTYP_TXT": "W3.1.-Mieth.s.d.Gründerzeit-Straßentrakter",
    "BEZUG": "008160",
    "OBJECTID": 23246216,
    "OBJ_STR": null,
    "OBJ_STR2": 31,
    "OBJ_STR2_TXT": "1848 -1918",
    "OBJ_STR_TXT": null,
    "SE_ANNO_CAD_DATA": null
   },
   "type": "Feature"
  },
  {
   "geometry": {
    "coordinates": [
     [
      [
       16.37704357,
       48.18813303
      ],
      [
       16.3770434,
       48.18813337
      ],
      [
       16.37693704,
       48.18810585
      ],
      [
       16.37693744,
       48.18810486
      ],
      [
       16.37693582,
       48.18810441
      ],
      [
       16.37698637,
       48.18800811
      ],
      [
       16.37699443,
       48.18799276
      ],
      [
       16.37699719,
       48.18798748
      ],
      [
       16.37699854,
       48.1879873
      ],
      [
       16.37702553,
       48.18793719
      ],
      [
       16.37702432,
       48.18793719
      ],
      [
       16.37704567,
       48.18789681
      ],
      [
       16.37704769,
       48.18789717
      ],
      [
       16.37704769,
       48.18789691
      ],
      [
       16.37704769,
       48.18789663
      ],
      [
       16.37715818,
       48.18792394
      ],
      [
       16.37714096,
       48.18795751
      ],
      [
       16.37715961,
       48.18796204
      ],
      [
       16.37716758,
       48.18797239
      ],
      [
       16.37714975,
       48.18800491
      ],
      [
       16.37713958,
       48.18800854
      ],
      [
       16.3771248,
       48.18800571
      ],
      [
       16.37711461,
       48.18802504
      ],
      [
       16.37712642,
       48.18802764
      ],
      [
       16.37711722,
       48.18804635
      ],
      [
       16.37710433,
       48.18804347
      ],
      [
       16.37709456,
       48.18806137
      ],
      [
       16.37711865,
       48.18806764
      ],
      [
       16.37709628,
       48.18811413
      ],
      [
       16.37705762,
       48.1881059
      ],
      [
       16.37704357,
       48.18813303
      ]
     ]
    ],
    "type": "Polygon"
   },
   "geometry_name": "SHAPE",
   "id": "GEBAEUDETYPOGD.23246069",
   "properties": {
    "ACD": "008150",
    "BAUTYP": 10,
    "BAUTYP_TXT": "W3.1.-Mieth.s.d.Gründerzeit-Straßentrakter",
    "BEZUG": "204438",
    "OBJECTID": 23246069,
    "OBJ_STR": 6,
    "OBJ_STR2": null,
    "OBJ_STR2_TXT": null,
    "OBJ_STR_TXT": "1860-1883",
    "SE_ANNO_CAD_DATA": null
   },
   "type": "Feature"
  },
  {
   "geometry": {
    "coordinates": [
     [
      [
       16.37715776,
       48.18801363
      ],
      [
       16.37714789,
       48.18803236
      ],
      [
       16.37712642,
       48.18802764
      ],
      [
       16.37711461,
       48.18802504
      ],
      [
       16.3771248,
       48.18800571
      ],
      [
       16.37713958,
       48.18800854
      ],
      [
       16.37714975,
       48.18800491
      ],
      [
       16.37716758,
       48.18797239
      ],
      [
       16.37715961,
       48.18796204
      ],
      [
       16.37714096,
       48.18795751
      ],
      [
       16.37715818,
       48.18792394
      ],
      [
       16.37718787,
       48.18793128
      ],
      [
       16.3771713,
       48.18796333
      ],
      [
       16.37719268,
       48.1879683
      ],
      [
       16.37719705,
       48.18796934
      ],
      [
       16.37720252,
       48.1879822
      ],
      [
       16.37718345,
       48.18801934
      ],
      [
       16.37715776,
       48.18801363
      ]
     ]
    ],
    "type": "Polygon"
   },
   "geometry_name": "SHAPE",
   "id": "GEBAEUDETYPOGD.23252969",
   "properties": {
    "ACD": "008150",
    "BAUTYP": 10,
    "BAUTYP_TXT": "W3.1.-Mieth.s.d.Gründerzeit-Straßentrakter",
    "BEZUG": "204438",
    "OBJECTID": 23252969,
    "OBJ_STR": 6,
    "OBJ_STR2": null,
    "OBJ_STR2_TXT": null,
    "OBJ_STR_TXT": "1860-1883",
    "SE_ANNO_CAD_DATA": null
   },
   "type": "Feature"
  },
  {
   "geometry": {
    "coordinates": [
     [
      [
       16.37720947,
       48.18793662
      ],
      [
       16.37719268,
       48.1879683
      ],
      [
       16.3771713,
       48.18796333
      ],
      [
       16.37718787,
       48.18793128
      ],
      [
       16.37720947,
       48.18793662
      ]
     ]
    ],
    "type": "Polygon"
   },
   "geometry_name": "SHAPE",
   "id": "GEBAEUDETYPOGD.23252963",
   "properties": {
    "ACD": "008150",
    "BAUTYP": 10,
    "BAUTYP_TXT": "W3.1.-Mieth.s.d.Gründerzeit-Straßentrakter",
    "BEZUG": "204438",
    "OBJECTID": 23252963,
    "OBJ_STR": 6,
    "OBJ_STR2": null,
    "OBJ_STR2_TXT": null,
    "OBJ_STR_TXT": "1860-1883",
    "SE_ANNO_CAD_DATA": null
   },
   "type": "Feature"
  },
  {
   "geometry": {
    "coordinates": [
     [
      [
       16.37711178,
       48.18812092
      ],
      [
       16.37709773,
       48.18814742
      ],
      [
       16.3770434,
       48.18813337
      ],
      [
       16.37704357,
       48.18813303
      ],
      [
       16.37705762,
       48.1881059
      ],
      [
       16.37709628,
       48.18811413
      ],
      [
       16.37711865,
       48.18806764
      ],
      [
       16.37709456,
       48.18806137
      ],
      [
       16.37710433,
       48.18804347
      ],
      [
       16.37711722,
       48.18804635
      ],
      [
       16.3771597,
       48.18805569
      ],
      [
       16.3771689,
       48.18803698
      ],
      [
       16.37714789,
       48.18803236
      ],
      [
       16.37715776,
       48.18801363
      ],
      [
       16.37718345,
       48.18801934
      ],
      [
       16.37720252,
       48.1879822
      ],
      [
       16.37719705,
       48.18796934
      ],
      [
       16.37721655,
       48.18797397
      ],
      [
       16.37722417,
       48.18798492
      ],
      [
       16.3772052,
       48.18801922
      ],
      [
       16.37718926,
       48.18802498
      ],
      [
       16.37717771,
       48.18802268
      ],
      [
       16.37715306,
       48.18807336
      ],
      [
       16.37716787,
       48.18807693
      ],
      [
       16.3771734,
       48.18808803
      ],
      [
       16.37715594,
       48.18812209
      ],
      [
       16.37713826,
       48.18812688
      ],
      [
       16.37711178,
       48.18812092
      ]
     ]
    ],
    "type": "Polygon"
   },
   "geometry_name": "SHAPE",
   "id": "GEBAEUDETYPOGD.23252987",
   "properties": {
    "ACD": "008150",
    "BAUTYP": 10,
    "BAUTYP_TXT": "W3.1.-Mieth.s.d.Gründerzeit-Straßentrakter",
    "BEZUG": "204438",
    "OBJECTID": 23252987,
    "OBJ_STR": 6,
    "OBJ_STR2": null,
    "OBJ_STR2_TXT": null,
    "OBJ_STR_TXT": "1860-1883",
    "SE_ANNO_CAD_DATA": null
   },
   "type": "Feature"
  },
  {
   "geometry": {
    "coordinates": [
     [
      [
       [
        16.37702075,
        48.18754055
       ],
       [
        16.37702024,
        48.18754044
       ],
       [
        16.3770197,
        48.18754031
       ],
       [
        16.37684967,
        48.18750081
       ],
       [
        16.37685081,
        48.18749867
       ],
       [
        16.37687398,
        48.18745503
       ],
       [
        16.37683228,
        48.18744191
       ],
       [
        16.37682339,
        48.18742897
       ],
       [
        16.3768344,
        48.18740837
       ],
       [
        16.37685336,
        48.18740225
       ],
       [
        16.37676674,
        48.18737495
       ],
       [
        16.37677596,
        48.18736186
       ],
       [
        16.37682357,
        48.18729444
       ],
       [
        16.37684307,
        48.18726852
       ],
       [
        16.37684371,
        48.18726866
       ],
       [
        16.37684422,
        48.18726782
       ],
       [
        16.37705077,
        48.18733287
       ],
       [
        16.37708518,
        48.18734371
       ],
       [
        16.37708733,
        48.18734892
       ],
       [
        16.37709047,
        48.18734827
       ],
       [
        16.37709372,
        48.18734793
       ],
       [
        16.37709701,
        48.18734791
       ],
       [
        16.37710027,
        48.18734822
       ],
       [
        16.37710342,
        48.18734885
       ],
       [
        16.3771064,
        48.18734977
       ],
       [
        16.37710915,
        48.18735097
       ],
       [
        16.3771116,
        48.18735244
       ],
       [
        16.3771137,
        48.18735413
       ],
       [
        16.37711491,
        48.18735539
       ],
       [
        16.37711541,
        48.18735601
       ],
       [
        16.37711669,
        48.18735804
       ],
       [
        16.37711751,
        48.18736016
       ],
       [
        16.37711786,
        48.18736235
       ],
       [
        16.37711771,
        48.18736455
       ],
       [
        16.3771171,
        48.18736671
       ],
       [
        16.37711601,
        48.18736878
       ],
       [
        16.37711448,
        48.18737073
       ],
       [
        16.37711253,
        48.1873725
       ],
       [
        16.37711023,
        48.18737407
       ],
       [
        16.37710759,
        48.18737539
       ],
       [
        16.3771047,
        48.18737644
       ],
       [
        16.37710847,
        48.18738138
       ],
       [
        16.37710261,
        48.18739227
       ],
       [
        16.37703536,
        48.18751699
       ],
       [
        16.37702692,
        48.18753266
       ],
       [
        16.37702254,
        48.18754045
       ],
       [
        16.37702095,
        48.18754012
       ],
       [
        16.37702075,
        48.18754055
       ]
      ],
      [
       [
        16.37695964,
        48.18744349
       ],
       [
        16.37697847,
        48.18744807
       ],
       [
        16.37699472,
        48.18741794
       ],
       [
        16.37697589,
        48.18741335
       ],
       [
        16.37695964,
        48.18744349
       ]
      ]
     ]
    ],
    "type": "MultiPolygon"
   },
   "geometry_name": "SHAPE",
   "id": "GEBAEUDETYPOGD.26618203",
   "properties": {
    "ACD": "008152",
    "BAUTYP": 17,
    "BAUTYP_TXT": "W3.7.-Mieth.s.d.Gründerzeit-Eckhaus",
    "BEZUG": "008152",
    "OBJECTID": 26618203,
    "OBJ_STR": 6,
    "OBJ_STR2": null,
    "OBJ_STR2_TXT": null,
    "OBJ_STR_TXT": "1860-1883",
    "SE_ANNO_CAD_DATA": null
   },
   "type": "Feature"
  },
  {
   "geometry": {
    "coordinates": [
     [
      [
       16.37797364,
       48.18796356
      ],
      [
       16.37797359,
       48.18796581
      ],
      [
       16.37795422,
       48.18796564
      ],
      [
       16.37790755,
       48.18796512
      ],
      [
       16.37791051,
       48.18791477
      ],
      [
       16.37797139,
       48.1879155
      ],
      [
       16.37797475,
       48.18791554
      ],
      [
       16.37797364,
       48.18796356
      ]
     ]
    ],
    "type": "Polygon"
   },
   "geometry_name": "SHAPE",
   "id": "GEBAEUDETYPOGD.23246113",
   "properties": {
    "ACD": "008153",
    "BAUTYP": 13,
    "BAUTYP_TXT": "W3.3.-Mieth.s.d.Gründerzeit-Doppeltrakter mit Verbindungstr.",
    "BEZUG": "008153",
    "OBJECTID": 23246113,
    "OBJ_STR": 7,
    "OBJ_STR2": null,
    "OBJ_STR2_TXT": null,
    "OBJ_STR_TXT": "1884-1918",
    "SE_ANNO_CAD_DATA": null
   },
   "type": "Feature"
  },
  {
   "geometry": {
    "coordinates": [
     [
      [
       16.37722027,
       48.18791425
      ],
      [
       16.37720947,
       48.18793662
      ],
      [
       16.37718787,
       48.18793128
      ],
      [
       16.37715818,
       48.18792394
      ],
      [
       16.37704769,
       48.18789663
      ],
      [
       16.37704782,
       48.18789636
      ],
      [
       16.37704802,
       48.187896
      ],
      [
       16.37709715,
       48.18780365
      ],
      [
       16.37710417,
       48.18779045
      ],
      [
       16.37710463,
       48.18778959
      ],
      [
       16.37710726,
       48.18778465
      ],
      [
       16.37711809,
       48.18776432
      ],
      [
       16.37712057,
       48.18775966
      ],
      [
       16.37713901,
       48.18776414
      ],
      [
       16.37720287,
       48.18777967
      ],
      [
       16.37725771,
       48.187793
      ],
      [
       16.37729,
       48.18780085
      ],
      [
       16.3772728,
       48.18783998
      ],
      [
       16.37726434,
       48.18783792
      ],
      [
       16.3772612,
       48.18784335
      ],
      [
       16.3772502,
       48.18784697
      ],
      [
       16.37723976,
       48.18785128
      ],
      [
       16.37722999,
       48.18785624
      ],
      [
       16.37722099,
       48.18786181
      ],
      [
       16.3771826,
       48.18785225
      ],
      [
       16.37717322,
       48.18786906
      ],
      [
       16.3772116,
       48.18787862
      ],
      [
       16.37721552,
       48.18790476
      ],
      [
       16.37721157,
       48.1879124
      ],
      [
       16.37722027,
       48.18791425
      ]
     ]
    ],
    "type": "Polygon"
   },
   "geometry_name": "SHAPE",
   "id": "GEBAEUDETYPOGD.23252959",
   "properties": {
    "ACD": "008153",
    "BAUTYP": 13,
    "BAUTYP_TXT": "W3.3.-Mieth.s.d.Gründerzeit-Doppeltrakter mit Verbindungstr.",
    "BEZUG": "008153",
    "OBJECTID": 23252959,
    "OBJ_STR": 7,
    "OBJ_STR2": null,
    "OBJ_STR2_TXT": null,
    "OBJ_STR_TXT": "1884-1918",
    "SE_ANNO_CAD_DATA": null
   },
   "type": "Feature"
  },
  {
   "geometry": {
    "coordinates": [
     [
      [
       16.37704802,
       48.187896
      ],
      [
       16.37704782,
       48.18789636
      ],
      [
       16.37704453,
       48.1878955
      ],
      [
       16.37708131,
       48.18782685
      ],
      [
       16.37709415,
       48.18780293
      ],
      [
       16.37709463,
       48.18780304
      ],
      [
       16.37709715,
       48.18780365
      ],
      [
       16.37704802,
       48.187896
      ]
     ]
    ],
    "type": "Polygon"
   },
   "geometry_name": "SHAPE",
   "id": "GEBAEUDETYPOGD.23252715",
   "properties": {
    "ACD": "008153",
    "BAUTYP": 13,
    "BAUTYP_TXT": "W3.3.-Mieth.s.d.Gründerzeit-Doppeltrakter mit Verbindungstr.",
    "BEZUG": "008153",
    "OBJECTID": 23252715,
    "OBJ_STR": 7,
    "OBJ_STR2": null,
    "OBJ_STR2_TXT": null,
    "OBJ_STR_TXT": "1884-1918",
    "SE_ANNO_CAD_DATA": null
   },
   "type": "Feature"
  },
  {
   "geometry": {
    "coordinates": [
     [
      [
       [
        16.37752243,
        48.18796071
       ],
       [
        16.37752221,
        48.18796295
       ],
       [
        16.37747927,
        48.18796243
       ],
       [
        16.37747588,
        48.18796239
       ],
       [
        16.37744821,
        48.18796205
       ],
       [
        16.37735508,
        48.18796091
       ],
       [
        16.377355,
        48.18793656
       ],
       [
        16.37731434,
        48.18792925
       ],
       [
        16.37734001,
        48.18787974
       ],
       [
        16.37733737,
        48.18787935
       ],
       [
        16.37734754,
        48.18786106
       ],
       [
        16.37734084,
        48.18785939
       ],
       [
        16.37736385,
        48.18786019
       ],
       [
        16.37736886,
        48.18781924
       ],
       [
        16.37738302,
        48.1878199
       ],
       [
        16.37747312,
        48.18782405
       ],
       [
        16.37753308,
        48.18782682
       ],
       [
        16.37753582,
        48.18782694
       ],
       [
        16.37752243,
        48.18796071
       ]
      ],
      [
       [
        16.37737993,
        48.1879093
       ],
       [
        16.3774247,
        48.18791145
       ],
       [
        16.37742663,
        48.18789346
       ],
       [
        16.37738186,
        48.18789131
       ],
       [
        16.37737993,
        48.1879093
       ]
      ]
     ]
    ],
    "type": "MultiPolygon"
   },
   "geometry_name": "SHAPE",
   "id": "GEBAEUDETYPOGD.23252960",
   "properties": {
    "ACD": "008153",
    "BAUTYP": 13,
    "BAUTYP_TXT": "W3.3.-Mieth.s.d.Gründerzeit-Doppeltrakter mit Verbindungstr.",
    "BEZUG": "008153",
    "OBJECTID": 23252960,
    "OBJ_STR": 7,
    "OBJ_STR2": null,
    "OBJ_STR2_TXT": null,
    "OBJ_STR_TXT": "1884-1918",
    "SE_ANNO_CAD_DATA": null
   },
   "type": "Feature"
  },
  {
   "geometry": {
    "coordinates": [
     [
      [
       16.37791051,
       48.18791477
      ],
      [
       16.37790755,
       48.18796512
      ],
      [
       16.37777932,
       48.18796375
      ],
      [
       16.37772773,
       48.1879632
      ],
      [
       16.37772779,
       48.18796095
      ],
      [
       16.37773089,
       48.18783425
      ],
      [
       16.37787346,
       48.18784178
      ],
      [
       16.37787698,
       48.18784197
      ],
      [
       16.37791466,
       48.18784396
      ],
      [
       16.37791453,
       48.18784621
      ],
      [
       16.37791051,
       48.18791477
      ]
     ]
    ],
    "type": "Polygon"
   },
   "geometry_name": "SHAPE",
   "id": "GEBAEUDETYPOGD.23252961",
   "properties": {
    "ACD": "008153",
    "BAUTYP": 13,
    "BAUTYP_TXT": "W3.3.-Mieth.s.d.Gründerzeit-Doppeltrakter mit Verbindungstr.",
    "BEZUG": "008153",
    "OBJECTID": 23252961,
    "OBJ_STR": 7,
    "OBJ_STR2": null,
    "OBJ_STR2_TXT": null,
    "OBJ_STR_TXT": "1884-1918",
    "SE_ANNO_CAD_DATA": null
   },
   "type": "Feature"
  },
  {
   "geometry": {
    "coordinates": [
     [
      [
       16.37731434,
       48.18792925
      ],
      [
       16.37731201,
       48.18793374
      ],
      [
       16.37722027,
       48.18791425
      ],
      [
       16.37721157,
       48.1879124
      ],
      [
       16.37721552,
       48.18790476
      ],
      [
       16.3772116,
       48.18787862
      ],
      [
       16.37722099,
       48.18786181
      ],
      [
       16.37722999,
       48.18785624
      ],
      [
       16.37723976,
       48.18785128
      ],
      [
       16.3772502,
       48.18784697
      ],
      [
       16.3772612,
       48.18784335
      ],
      [
       16.37726434,
       48.18783792
      ],
      [
       16.3772728,
       48.18783998
      ],
      [
       16.37728674,
       48.18784339
      ],
      [
       16.37728783,
       48.1878475
      ],
      [
       16.37729079,
       48.18784653
      ],
      [
       16.37729386,
       48.18784573
      ],
      [
       16.37729703,
       48.18784511
      ],
      [
       16.37730027,
       48.18784468
      ],
      [
       16.37730356,
       48.18784443
      ],
      [
       16.37730686,
       48.18784438
      ],
      [
       16.37731016,
       48.18784452
      ],
      [
       16.37731343,
       48.18784485
      ],
      [
       16.37731664,
       48.18784537
      ],
      [
       16.37731978,
       48.18784607
      ],
      [
       16.37732281,
       48.18784696
      ],
      [
       16.37732571,
       48.18784801
      ],
      [
       16.37732847,
       48.18784923
      ],
      [
       16.37733106,
       48.1878506
      ],
      [
       16.37733346,
       48.18785212
      ],
      [
       16.37733566,
       48.18785377
      ],
      [
       16.37733763,
       48.18785554
      ],
      [
       16.37733936,
       48.18785742
      ],
      [
       16.37734084,
       48.18785939
      ],
      [
       16.37734754,
       48.18786106
      ],
      [
       16.37733737,
       48.18787935
      ],
      [
       16.37734001,
       48.18787974
      ],
      [
       16.37731434,
       48.18792925
      ]
     ]
    ],
    "type": "Polygon"
   },
   "geometry_name": "SHAPE",
   "id": "GEBAEUDETYPOGD.23252956",
   "properties": {
    "ACD": "008153",
    "BAUTYP": 13,
    "BAUTYP_TXT": "W3.3.-Mieth.s.d.Gründerzeit-Doppeltrakter mit Verbindungstr.",
    "BEZUG": "008153",
    "OBJECTID": 23252956,
    "OBJ_STR": 7,
    "OBJ_STR2": null,
    "OBJ_STR2_TXT": null,
    "OBJ_STR_TXT": "1884-1918",
    "SE_ANNO_CAD_DATA": null
   },
   "type": "Feature"
  },
  {
   "geometry": {
    "coordinates": [
     [
      [
       16.37684298,
       48.18787646
      ],
      [
       16.37679772,
       48.18796012
      ],
      [
       16.37665354,
       48.18794776
      ],
      [
       16.37666018,
       48.18793547
      ],
      [
       16.37666401,
       48.18792842
      ],
      [
       16.37663294,
       48.18792213
      ],
      [
       16.37661738,
       48.18792681
      ],
      [
       16.37660097,
       48.18792349
      ],
      [
       16.37657529,
       48.18791829
      ],
      [
       16.3764303,
       48.18788895
      ],
      [
       16.37647011,
       48.18780096
      ],
      [
       16.37660142,
       48.18782755
      ],
      [
       16.37660449,
       48.18782816
      ],
      [
       16.37662418,
       48.18783215
      ],
      [
       16.3766274,
       48.18783281
      ],
      [
       16.37684298,
       48.18787646
      ]
     ]
    ],
    "type": "Polygon"
   },
   "geometry_name": "SHAPE",
   "id": "GEBAEUDETYPOGD.23246120",
   "properties": {
    "ACD": "008157",
    "BAUTYP": 10,
    "BAUTYP_TXT": "W3.1.-Mieth.s.d.Gründerzeit-Straßentrakter",
    "BEZUG": "008157",
    "OBJECTID": 23246120,
    "OBJ_STR": 7,
    "OBJ_STR2": null,
    "OBJ_STR2_TXT": null,
    "OBJ_STR_TXT": "1884-1918",
    "SE_ANNO_CAD_DATA": null
   },
   "type": "Feature"
  },
  {
   "geometry": {
    "coordinates": [
     [
      [
       16.37660097,
       48.18792349
      ],
      [
       16.37659647,
       48.18793344
      ],
      [
       16.3765708,
       48.18792825
      ],
      [
       16.37657529,
       48.18791829
      ],
      [
       16.37660097,
       48.18792349
      ]
     ]
    ],
    "type": "Polygon"
   },
   "geometry_name": "SHAPE",
   "id": "GEBAEUDETYPOGD.23246140",
   "properties": {
    "ACD": "008157",
    "BAUTYP": 10,
    "BAUTYP_TXT": "W3.1.-Mieth.s.d.Gründerzeit-Straßentrakter",
    "BEZUG": "008157",
    "OBJECTID": 23246140,
    "OBJ_STR": 7,
    "OBJ_STR2": null,
    "OBJ_STR2_TXT": null,
    "OBJ_STR_TXT": "1884-1918",
    "SE_ANNO_CAD_DATA": null
   },
   "type": "Feature"
  },
  {
   "geometry": {
    "coordinates": [
     [
      [
       16.37666401,
       48.18792842
      ],
      [
       16.37666018,
       48.18793547
      ],
      [
       16.37661738,
       48.18792681
      ],
      [
       16.37663294,
       48.18792213
      ],
      [
       16.37666401,
       48.18792842
      ]
     ]
    ],
    "type": "Polygon"
   },
   "geometry_name": "SHAPE",
   "id": "GEBAEUDETYPOGD.23246139",
   "properties": {
    "ACD": "008157",
    "BAUTYP": 10,
    "BAUTYP_TXT": "W3.1.-Mieth.s.d.Gründerzeit-Straßentrakter",
    "BEZUG": "008157",
    "OBJECTID": 23246139,
    "OBJ_STR": 7,
    "OBJ_STR2": null,
    "OBJ_STR2_TXT": null,
    "OBJ_STR_TXT": "1884-1918",
    "SE_ANNO_CAD_DATA": null
   },
   "type": "Feature"
  },
  {
   "geometry": {
    "coordinates": [
     [
      [
       16.37695989,
       48.18765874
      ],
      [
       16.37695651,
       48.18766518
      ],
      [
       16.37695475,
       48.18766477
      ],
      [
       16.37695457,
       48.18766511
      ],
      [
       16.37687077,
       48.18764533
      ],
      [
       16.37687193,
       48.18764316
      ],
      [
       16.37688124,
       48.18762563
      ],
      [
       16.37686026,
       48.1876206
      ],
      [
       16.37685093,
       48.18763816
      ],
      [
       16.37684979,
       48.1876403
      ],
      [
       16.37673087,
       48.18761201
      ],
      [
       16.37673907,
       48.18759672
      ],
      [
       16.37672037,
       48.18759232
      ],
      [
       16.37674038,
       48.18755481
      ],
      [
       16.3767658,
       48.18756088
      ],
      [
       16.37679001,
       48.18756667
      ],
      [
       16.37680331,
       48.18754166
      ],
      [
       16.3768251,
       48.18754687
      ],
      [
       16.37682764,
       48.18754211
      ],
      [
       16.37684967,
       48.18750081
      ],
      [
       16.3770197,
       48.18754031
      ],
      [
       16.37702024,
       48.18754044
      ],
      [
       16.37701981,
       48.18754141
      ],
      [
       16.37702169,
       48.18754179
      ],
      [
       16.37701854,
       48.18754773
      ],
      [
       16.37700143,
       48.18757987
      ],
      [
       16.37699326,
       48.18759523
      ],
      [
       16.37698486,
       48.18761122
      ],
      [
       16.37697684,
       48.18762649
      ],
      [
       16.37695989,
       48.18765874
      ]
     ]
    ],
    "type": "Polygon"
   },
   "geometry_name": "SHAPE",
   "id": "GEBAEUDETYPOGD.23246204",
   "properties": {
    "ACD": "008149",
    "BAUTYP": 10,
    "BAUTYP_TXT": "W3.1.-Mieth.s.d.Gründerzeit-Straßentrakter",
    "BEZUG": "008149",
    "OBJECTID": 23246204,
    "OBJ_STR": null,
    "OBJ_STR2": 6,
    "OBJ_STR2_TXT": "1860-1883",
    "OBJ_STR_TXT": null,
    "SE_ANNO_CAD_DATA": null
   },
   "type": "Feature"
  },
  {
   "geometry": {
    "coordinates": [
     [
      [
       16.37680331,
       48.18754166
      ],
      [
       16.37679001,
       48.18756667
      ],
      [
       16.3767658,
       48.18756088
      ],
      [
       16.37677503,
       48.18754362
      ],
      [
       16.37677013,
       48.18754245
      ],
      [
       16.37677385,
       48.1875355
      ],
      [
       16.37678839,
       48.18753273
      ],
      [
       16.37682764,
       48.18754211
      ],
      [
       16.3768251,
       48.18754687
      ],
      [
       16.37680331,
       48.18754166
      ]
     ]
    ],
    "type": "Polygon"
   },
   "geometry_name": "SHAPE",
   "id": "GEBAEUDETYPOGD.23247723",
   "properties": {
    "ACD": "008149",
    "BAUTYP": 10,
    "BAUTYP_TXT": "W3.1.-Mieth.s.d.Gründerzeit-Straßentrakter",
    "BEZUG": "008149",
    "OBJECTID": 23247723,
    "OBJ_STR": null,
    "OBJ_STR2": 6,
    "OBJ_STR2_TXT": "1860-1883",
    "OBJ_STR_TXT": null,
    "SE_ANNO_CAD_DATA": null
   },
   "type": "Feature"
  },
  {
   "geometry": {
    "coordinates": [
     [
      [
       16.37677503,
       48.18754362
      ],
      [
       16.3767658,
       48.18756088
      ],
      [
       16.37674038,
       48.18755481
      ],
      [
       16.3767496,
       48.18753755
      ],
      [
       16.37677013,
       48.18754245
      ],
      [
       16.37677503,
       48.18754362
      ]
     ]
    ],
    "type": "Polygon"
   },
   "geometry_name": "SHAPE",
   "id": "GEBAEUDETYPOGD.23247722",
   "properties": {
    "ACD": "008149",
    "BAUTYP": 10,
    "BAUTYP_TXT": "W3.1.-Mieth.s.d.Gründerzeit-Straßentrakter",
    "BEZUG": "008149",
    "OBJECTID": 23247722,
    "OBJ_STR": null,
    "OBJ_STR2": 6,
    "OBJ_STR2_TXT": "1860-1883",
    "OBJ_STR_TXT": null,
    "SE_ANNO_CAD_DATA": null
   },
   "type": "Feature"
  },
  {
   "geometry": {
    "coordinates": [
     [
      [
       16.37671822,
       48.18810952
      ],
      [
       16.37671768,
       48.1881106
      ],
      [
       16.37659362,
       48.18808051
      ],
      [
       16.37660507,
       48.18805938
      ],
      [
       16.37656956,
       48.18805076
      ],
      [
       16.37655815,
       48.18807181
      ],
      [
       16.37638456,
       48.18802971
      ],
      [
       16.37639896,
       48.18797051
      ],
      [
       16.37640204,
       48.18797126
      ],
      [
       16.37653899,
       48.18800455
      ],
      [
       16.37653805,
       48.18800275
      ],
      [
       16.37653751,
       48.18800095
      ],
      [
       16.37653711,
       48.18799906
      ],
      [
       16.37653697,
       48.18799726
      ],
      [
       16.3765371,
       48.18799537
      ],
      [
       16.37653751,
       48.18799348
      ],
      [
       16.37653818,
       48.18799169
      ],
      [
       16.37653912,
       48.18798989
      ],
      [
       16.37654019,
       48.18798827
      ],
      [
       16.37654167,
       48.18798665
      ],
      [
       16.37654328,
       48.18798512
      ],
      [
       16.37654503,
       48.18798368
      ],
      [
       16.37654705,
       48.18798233
      ],
      [
       16.37654933,
       48.18798116
      ],
      [
       16.37655162,
       48.18798017
      ],
      [
       16.37655404,
       48.18797927
      ],
      [
       16.37655942,
       48.18797801
      ],
      [
       16.37656211,
       48.18797765
      ],
      [
       16.37656493,
       48.18797747
      ],
      [
       16.37656762,
       48.18797747
      ],
      [
       16.37657044,
       48.18797764
      ],
      [
       16.37657327,
       48.18797791
      ],
      [
       16.37657596,
       48.18797845
      ],
      [
       16.37657852,
       48.18797908
      ],
      [
       16.37658335,
       48.18797009
      ],
      [
       16.37659317,
       48.18796819
      ],
      [
       16.37660097,
       48.18797009
      ],
      [
       16.37661421,
       48.18794439
      ],
      [
       16.37665354,
       48.18794776
      ],
      [
       16.37679772,
       48.18796012
      ],
      [
       16.3767659,
       48.18802128
      ],
      [
       16.37676482,
       48.18802344
      ],
      [
       16.37676644,
       48.1880238
      ],
      [
       16.37676439,
       48.18802775
      ],
      [
       16.37675601,
       48.18804392
      ],
      [
       16.37675395,
       48.18804791
      ],
      [
       16.37675179,
       48.18804737
      ],
      [
       16.37675126,
       48.18804836
      ],
      [
       16.37671822,
       48.18810952
      ]
     ]
    ],
    "type": "Polygon"
   },
   "geometry_name": "SHAPE",
   "id": "GEBAEUDETYPOGD.23246074",
   "properties": {
    "ACD": "008147",
    "BAUTYP": 11,
    "BAUTYP_TXT": "W3.2.-Mieth.s.d.Gründerzeit-Seitenflügelhaus",
    "BEZUG": "008147",
    "OBJECTID": 23246074,
    "OBJ_STR": 6,
    "OBJ_STR2": null,
    "OBJ_STR2_TXT": null,
    "OBJ_STR_TXT": "1860-1883",
    "SE_ANNO_CAD_DATA": null
   },
   "type": "Feature"
  },
  {
   "geometry": {
    "coordinates": [
     [
      [
       16.37680095,
       48.18796084
      ],
      [
       16.37676818,
       48.18802182
      ],
      [
       16.3767659,
       48.18802128
      ],
      [
       16.37679772,
       48.18796012
      ],
      [
       16.37680095,
       48.18796084
      ]
     ]
    ],
    "type": "Polygon"
   },
   "geometry_name": "SHAPE",
   "id": "GEBAEUDETYPOGD.23246092",
   "properties": {
    "ACD": "008147",
    "BAUTYP": 11,
    "BAUTYP_TXT": "W3.2.-Mieth.s.d.Gründerzeit-Seitenflügelhaus",
    "BEZUG": "008147",
    "OBJECTID": 23246092,
    "OBJ_STR": 6,
    "OBJ_STR2": null,
    "OBJ_STR2_TXT": null,
    "OBJ_STR_TXT": "1860-1883",
    "SE_ANNO_CAD_DATA": null
   },
   "type": "Feature"
  },
  {
   "geometry": {
    "coordinates": [
     [
      [
       16.37606034,
       48.18731034
      ],
      [
       16.3760414,
       48.18733715
      ],
      [
       16.37603829,
       48.18733617
      ],
      [
       16.37580733,
       48.18726365
      ],
      [
       16.37580423,
       48.18726268
      ],
      [
       16.37587396,
       48.18716373
      ],
      [
       16.37595306,
       48.18718861
      ],
      [
       16.37596098,
       48.18717728
      ],
      [
       16.37597484,
       48.18718159
      ],
      [
       16.37597242,
       48.18718492
      ],
      [
       16.3759692,
       48.18719922
      ],
      [
       16.37600795,
       48.18721144
      ],
      [
       16.37602381,
       48.18720109
      ],
      [
       16.37602609,
       48.18719776
      ],
      [
       16.3760417,
       48.18720261
      ],
      [
       16.37603377,
       48.18721395
      ],
      [
       16.37611109,
       48.18723828
      ],
      [
       16.37606034,
       48.18731034
      ]
     ]
    ],
    "type": "Polygon"
   },
   "geometry_name": "SHAPE",
   "id": "GEBAEUDETYPOGD.23246278",
   "properties": {
    "ACD": "008207",
    "BAUTYP": 13,
    "BAUTYP_TXT": "W3.3.-Mieth.s.d.Gründerzeit-Doppeltrakter mit Verbindungstr.",
    "BEZUG": "008207",
    "OBJECTID": 23246278,
    "OBJ_STR": null,
    "OBJ_STR2": 31,
    "OBJ_STR2_TXT": "1848 -1918",
    "OBJ_STR_TXT": null,
    "SE_ANNO_CAD_DATA": null
   },
   "type": "Feature"
  },
  {
   "geometry": {
    "coordinates": [
     [
      [
       16.37602381,
       48.18720109
      ],
      [
       16.37600795,
       48.18721144
      ],
      [
       16.3759692,
       48.18719922
      ],
      [
       16.37597242,
       48.18718492
      ],
      [
       16.37597484,
       48.18718159
      ],
      [
       16.37598854,
       48.18716198
      ],
      [
       16.37599674,
       48.18715038
      ],
      [
       16.37595786,
       48.18713816
      ],
      [
       16.37595517,
       48.18714185
      ],
      [
       16.37590136,
       48.18712496
      ],
      [
       16.37593777,
       48.18707341
      ],
      [
       16.37596454,
       48.18708186
      ],
      [
       16.37598093,
       48.18705856
      ],
      [
       16.37595416,
       48.18705012
      ],
      [
       16.37599086,
       48.1869981
      ],
      [
       16.3759911,
       48.18699776
      ],
      [
       16.37606348,
       48.18702085
      ],
      [
       16.37606267,
       48.18702202
      ],
      [
       16.37607042,
       48.1870245
      ],
      [
       16.37608865,
       48.18703035
      ],
      [
       16.37609657,
       48.18703289
      ],
      [
       16.37609748,
       48.1870315
      ],
      [
       16.37622839,
       48.18707311
      ],
      [
       16.37622816,
       48.18707374
      ],
      [
       16.37619119,
       48.18712495
      ],
      [
       16.37616617,
       48.18711704
      ],
      [
       16.37614964,
       48.18714025
      ],
      [
       16.37617466,
       48.18714816
      ],
      [
       16.37615868,
       48.18717091
      ],
      [
       16.37613853,
       48.18719943
      ],
      [
       16.37608875,
       48.1871838
      ],
      [
       16.3760913,
       48.18718011
      ],
      [
       16.37604812,
       48.18716655
      ],
      [
       16.37602609,
       48.18719776
      ],
      [
       16.37602381,
       48.18720109
      ]
     ]
    ],
    "type": "Polygon"
   },
   "geometry_name": "SHAPE",
   "id": "GEBAEUDETYPOGD.23246305",
   "properties": {
    "ACD": "008207",
    "BAUTYP": 13,
    "BAUTYP_TXT": "W3.3.-Mieth.s.d.Gründerzeit-Doppeltrakter mit Verbindungstr.",
    "BEZUG": "008207",
    "OBJECTID": 23246305,
    "OBJ_STR": null,
    "OBJ_STR2": 31,
    "OBJ_STR2_TXT": "1848 -1918",
    "OBJ_STR_TXT": null,
    "SE_ANNO_CAD_DATA": null
   },
   "type": "Feature"
  },
  {
   "geometry": {
    "coordinates": [
     [
      [
       16.3760582,
       48.18300012
      ],
      [
       16.37604911,
       48.18302968
      ],
      [
       16.37604831,
       48.18302957
      ],
      [
       16.37605556,
       48.18300484
      ],
      [
       16.37608219,
       48.18291456
      ],
      [
       16.3760582,
       48.18300012
      ]
     ]
    ],
    "type": "Polygon"
   },
   "geometry_name": "SHAPE",
   "id": "GEBAEUDETYPOGD.25709612",
   "properties": {
    "ACD": "100932",
    "BAUTYP": 0,
    "BAUTYP_TXT": "Keine Angabe",
    "BEZUG": "100932",
    "OBJECTID": 25709612,
    "OBJ_STR": null,
    "OBJ_STR2": 32,
    "OBJ_STR2_TXT": "1919 - 1945",
    "OBJ_STR_TXT": null,
    "SE_ANNO_CAD_DATA": null
   },
   "type": "Feature"
  },
  {
   "geometry": {
    "coordinates": [
     [
      [
       [
        16.37604911,
        48.18302968
       ],
       [
        16.37603581,
        48.18307291
       ],
       [
        16.37603529,
        48.18307282
       ],
       [
        16.37603474,
        48.18307272
       ],
       [
        16.37601875,
        48.18306971
       ],
       [
        16.37604088,
        48.18299773
       ],
       [
        16.37607383,
        48.18288106
       ],
       [
        16.37609097,
        48.18288325
       ],
       [
        16.37608219,
        48.18291456
       ],
       [
        16.37605556,
        48.18300484
       ],
       [
        16.37604831,
        48.18302957
       ],
       [
        16.37604911,
        48.18302968
       ]
      ],
      [
       [
        16.37604127,
        48.18303187
       ],
       [
        16.37604635,
        48.18303253
       ],
       [
        16.37604729,
        48.18302926
       ],
       [
        16.37604221,
        48.18302861
       ],
       [
        16.37604127,
        48.18303187
       ]
      ]
     ]
    ],
    "type": "MultiPolygon"
   },
   "geometry_name": "SHAPE",
   "id": "GEBAEUDETYPOGD.25709613",
   "properties": {
    "ACD": "100932",
    "BAUTYP": 0,
    "BAUTYP_TXT": "Keine Angabe",
    "BEZUG": "100932",
    "OBJECTID": 25709613,
    "OBJ_STR": null,
    "OBJ_STR2": 32,
    "OBJ_STR2_TXT": "1919 - 1945",
    "OBJ_STR_TXT": null,
    "SE_ANNO_CAD_DATA": null
   },
   "type": "Feature"
  },
  {
   "geometry": {
    "coordinates": [
     [
      [
       16.37604729,
       48.18302926
      ],
      [
       16.37604635,
       48.18303253
      ],
      [
       16.37604127,
       48.18303187
      ],
      [
       16.37604221,
       48.18302861
      ],
      [
       16.37604729,
       48.18302926
      ]
     ]
    ],
    "type": "Polygon"
   },
   "geometry_name": "SHAPE",
   "id": "GEBAEUDETYPOGD.25696350",
   "properties": {
    "ACD": "100932",
    "BAUTYP": 0,
    "BAUTYP_TXT": "Keine Angabe",
    "BEZUG": "100932",
    "OBJECTID": 25696350,
    "OBJ_STR": null,
    "OBJ_STR2": 32,
    "OBJ_STR2_TXT": "1919 - 1945",
    "OBJ_STR_TXT": null,
    "SE_ANNO_CAD_DATA": null
   },
   "type": "Feature"
  },
  {
   "geometry": {
    "coordinates": [
     [
      [
       16.37604088,
       48.18299773
      ],
      [
       16.37601875,
       48.18306971
      ],
      [
       16.37592491,
       48.18305298
      ],
      [
       16.37592896,
       48.1830428
      ],
      [
       16.37592728,
       48.18304251
      ],
      [
       16.37591392,
       48.18304016
      ],
      [
       16.37559003,
       48.18298336
      ],
      [
       16.37551232,
       48.18296973
      ],
      [
       16.37550779,
       48.18298066
      ],
      [
       16.37543694,
       48.18296829
      ],
      [
       16.37543648,
       48.18296821
      ],
      [
       16.37544306,
       48.18295
      ],
      [
       16.37601265,
       48.18305007
      ],
      [
       16.37603746,
       48.18296157
      ],
      [
       16.37614462,
       48.18258562
      ],
      [
       16.37615684,
       48.18258718
      ],
      [
       16.37613542,
       48.18266302
      ],
      [
       16.37611531,
       48.18273423
      ],
      [
       16.37609525,
       48.18280525
      ],
      [
       16.37607446,
       48.18287884
      ],
      [
       16.37607383,
       48.18288106
      ],
      [
       16.37604088,
       48.18299773
      ]
     ]
    ],
    "type": "Polygon"
   },
   "geometry_name": "SHAPE",
   "id": "GEBAEUDETYPOGD.25696344",
   "properties": {
    "ACD": "100932",
    "BAUTYP": 0,
    "BAUTYP_TXT": "Keine Angabe",
    "BEZUG": "100932",
    "OBJECTID": 25696344,
    "OBJ_STR": null,
    "OBJ_STR2": 32,
    "OBJ_STR2_TXT": "1919 - 1945",
    "OBJ_STR_TXT": null,
    "SE_ANNO_CAD_DATA": null
   },
   "type": "Feature"
  },
  {
   "geometry": {
    "coordinates": [
     [
      [
       16.37603746,
       48.18296157
      ],
      [
       16.37601265,
       48.18305007
      ],
      [
       16.37544306,
       48.18295
      ],
      [
       16.37547302,
       48.18286708
      ],
      [
       16.37547572,
       48.18285961
      ],
      [
       16.37587176,
       48.18292916
      ],
      [
       16.37587726,
       48.18290983
      ],
      [
       16.37588891,
       48.18286899
      ],
      [
       16.37589282,
       48.18285532
      ],
      [
       16.3759953,
       48.1828668
      ],
      [
       16.37597048,
       48.18295314
      ],
      [
       16.37603746,
       48.18296157
      ]
     ]
    ],
    "type": "Polygon"
   },
   "geometry_name": "SHAPE",
   "id": "GEBAEUDETYPOGD.25696345",
   "properties": {
    "ACD": "100932",
    "BAUTYP": 0,
    "BAUTYP_TXT": "Keine Angabe",
    "BEZUG": "100932",
    "OBJECTID": 25696345,
    "OBJ_STR": null,
    "OBJ_STR2": 32,
    "OBJ_STR2_TXT": "1919 - 1945",
    "OBJ_STR_TXT": null,
    "SE_ANNO_CAD_DATA": null
   },
   "type": "Feature"
  },
  {
   "geometry": {
    "coordinates": [
     [
      [
       [
        16.37603581,
        48.18307291
       ],
       [
        16.37603565,
        48.18307343
       ],
       [
        16.37601841,
        48.18307045
       ],
       [
        16.37569442,
        48.18301389
       ],
       [
        16.37543624,
        48.18296882
       ],
       [
        16.37543648,
        48.18296821
       ],
       [
        16.37543694,
        48.18296829
       ],
       [
        16.37550779,
        48.18298066
       ],
       [
        16.37551232,
        48.18296973
       ],
       [
        16.37559003,
        48.18298336
       ],
       [
        16.37591392,
        48.18304016
       ],
       [
        16.37592728,
        48.18304251
       ],
       [
        16.37592896,
        48.1830428
       ],
       [
        16.37592491,
        48.18305298
       ],
       [
        16.37601875,
        48.18306971
       ],
       [
        16.37603474,
        48.18307272
       ],
       [
        16.37603529,
        48.18307282
       ],
       [
        16.37603581,
        48.18307291
       ]
      ],
      [
       [
        16.37556896,
        48.18299085
       ],
       [
        16.3755737,
        48.18299161
       ],
       [
        16.37557511,
        48.18298856
       ],
       [
        16.37557037,
        48.1829878
       ],
       [
        16.37556896,
        48.18299085
       ]
      ],
      [
       [
        16.37570158,
        48.18301397
       ],
       [
        16.37570635,
        48.18301478
       ],
       [
        16.37570761,
        48.18301169
       ],
       [
        16.37570284,
        48.18301087
       ],
       [
        16.37570158,
        48.18301397
       ]
      ],
      [
       [
        16.37583453,
        48.18303731
       ],
       [
        16.37583946,
        48.18303823
       ],
       [
        16.37584064,
        48.18303507
       ],
       [
        16.37583571,
        48.18303416
       ],
       [
        16.37583453,
        48.18303731
       ]
      ],
      [
       [
        16.37563492,
        48.18300224
       ],
       [
        16.37563998,
        48.18300323
       ],
       [
        16.37564133,
        48.18300016
       ],
       [
        16.37563627,
        48.18299916
       ],
       [
        16.37563492,
        48.18300224
       ]
      ],
      [
       [
        16.37589972,
        48.18304863
       ],
       [
        16.37590489,
        48.18304953
       ],
       [
        16.37590599,
        48.18304637
       ],
       [
        16.37590082,
        48.18304548
       ],
       [
        16.37589972,
        48.18304863
       ]
      ],
      [
       [
        16.37576757,
        48.18302539
       ],
       [
        16.37577271,
        48.18302647
       ],
       [
        16.37577385,
        48.18302325
       ],
       [
        16.37576871,
        48.18302217
       ],
       [
        16.37576757,
        48.18302539
       ]
      ]
     ]
    ],
    "type": "MultiPolygon"
   },
   "geometry_name": "SHAPE",
   "id": "GEBAEUDETYPOGD.25709331",
   "properties": {
    "ACD": "100932",
    "BAUTYP": 0,
    "BAUTYP_TXT": "Keine Angabe",
    "BEZUG": "100932",
    "OBJECTID": 25709331,
    "OBJ_STR": null,
    "OBJ_STR2": 32,
    "OBJ_STR2_TXT": "1919 - 1945",
    "OBJ_STR_TXT": null,
    "SE_ANNO_CAD_DATA": null
   },
   "type": "Feature"
  },
  {
   "geometry": {
    "coordinates": [
     [
      [
       [
        16.37595018,
        48.18339262
       ],
       [
        16.37593417,
        48.18344971
       ],
       [
        16.37576982,
        48.18342874
       ],
       [
        16.37576831,
        48.18342855
       ],
       [
        16.37578308,
        48.18337634
       ],
       [
        16.37574757,
        48.18337186
       ],
       [
        16.37574876,
        48.18336771
       ],
       [
        16.37575871,
        48.18333255
       ],
       [
        16.37577283,
        48.18333434
       ],
       [
        16.37577873,
        48.18331357
       ],
       [
        16.37580119,
        48.18331644
       ],
       [
        16.37580346,
        48.18331077
       ],
       [
        16.37581193,
        48.18328963
       ],
       [
        16.37577211,
        48.18328254
       ],
       [
        16.37577547,
        48.18327409
       ],
       [
        16.3758152,
        48.18317495
       ],
       [
        16.37581969,
        48.18317576
       ],
       [
        16.37586553,
        48.18318403
       ],
       [
        16.37589634,
        48.18318958
       ],
       [
        16.37589676,
        48.18318901
       ],
       [
        16.37594854,
        48.18319813
       ],
       [
        16.3759483,
        48.18319874
       ],
       [
        16.37600125,
        48.18320824
       ],
       [
        16.37598301,
        48.18327312
       ],
       [
        16.37598456,
        48.18327329
       ],
       [
        16.37598373,
        48.183276
       ],
       [
        16.37598295,
        48.1832758
       ],
       [
        16.37598179,
        48.18328003
       ],
       [
        16.37597683,
        48.18329836
       ],
       [
        16.37597537,
        48.18330372
       ],
       [
        16.37597636,
        48.18330381
       ],
       [
        16.37597568,
        48.18330647
       ],
       [
        16.37597392,
        48.18330636
       ],
       [
        16.3759602,
        48.18335856
       ],
       [
        16.37596043,
        48.18335894
       ],
       [
        16.37595934,
        48.18336288
       ],
       [
        16.37595224,
        48.18338859
       ],
       [
        16.37595111,
        48.18339268
       ],
       [
        16.37595018,
        48.18339262
       ]
      ],
      [
       [
        16.37586007,
        48.18328647
       ],
       [
        16.37590149,
        48.18329005
       ],
       [
        16.37590832,
        48.18325174
       ],
       [
        16.37586743,
        48.18324816
       ],
       [
        16.37586007,
        48.18328647
       ]
      ]
     ]
    ],
    "type": "MultiPolygon"
   },
   "geometry_name": "SHAPE",
   "id": "GEBAEUDETYPOGD.23044350",
   "properties": {
    "ACD": "107121",
    "BAUTYP": 0,
    "BAUTYP_TXT": "Keine Angabe",
    "BEZUG": "107121",
    "OBJECTID": 23044350,
    "OBJ_STR": null,
    "OBJ_STR2": 33,
    "OBJ_STR2_TXT": "nach 1945",
    "OBJ_STR_TXT": null,
    "SE_ANNO_CAD_DATA": null
   },
   "type": "Feature"
  },
  {
   "geometry": {
    "coordinates": [
     [
      [
       16.37652416,
       48.1833034
      ],
      [
       16.37647792,
       48.18334064
      ],
      [
       16.37647193,
       48.1833396
      ],
      [
       16.37644884,
       48.18333557
      ],
      [
       16.37641146,
       48.18332905
      ],
      [
       16.37638812,
       48.18332495
      ],
      [
       16.37631176,
       48.18331152
      ],
      [
       16.37629085,
       48.18330766
      ],
      [
       16.3762863,
       48.18330697
      ],
      [
       16.37628298,
       48.18330646
      ],
      [
       16.37628166,
       48.18331087
      ],
      [
       16.37624194,
       48.18330568
      ],
      [
       16.37624389,
       48.18329954
      ],
      [
       16.3762212,
       48.18329575
      ],
      [
       16.37623339,
       48.18325232
      ],
      [
       16.37630788,
       48.18326532
      ],
      [
       16.37632411,
       48.18326814
      ],
      [
       16.37632397,
       48.18326858
      ],
      [
       16.37632816,
       48.18326934
      ],
      [
       16.37632906,
       48.18326698
      ],
      [
       16.37637575,
       48.18327541
      ],
      [
       16.37637489,
       48.18327746
      ],
      [
       16.37638171,
       48.18327874
      ],
      [
       16.37638259,
       48.18327662
      ],
      [
       16.37644729,
       48.18328814
      ],
      [
       16.37644649,
       48.18329017
      ],
      [
       16.37645337,
       48.18329127
      ],
      [
       16.37645417,
       48.18328932
      ],
      [
       16.37650141,
       48.1832976
      ],
      [
       16.37650061,
       48.18329974
      ],
      [
       16.37650515,
       48.18330054
      ],
      [
       16.37650531,
       48.1833001
      ],
      [
       16.37652416,
       48.1833034
      ]
     ]
    ],
    "type": "Polygon"
   },
   "geometry_name": "SHAPE",
   "id": "GEBAEUDETYPOGD.23046687",
   "properties": {
    "ACD": "142087",
    "BAUTYP": 0,
    "BAUTYP_TXT": "Keine Angabe",
    "BEZUG": "142087",
    "OBJECTID": 23046687,
    "OBJ_STR": null,
    "OBJ_STR2": 33,
    "OBJ_STR2_TXT": "nach 1945",
    "OBJ_STR_TXT": null,
    "SE_ANNO_CAD_DATA": null
   },
   "type": "Feature"
  },
  {
   "geometry": {
    "coordinates": [
     [
      [
       16.37631176,
       48.18331152
      ],
      [
       16.37631074,
       48.18331583
      ],
      [
       16.37628893,
       48.18331304
      ],
      [
       16.37629085,
       48.18330766
      ],
      [
       16.37631176,
       48.18331152
      ]
     ]
    ],
    "type": "Polygon"
   },
   "geometry_name": "SHAPE",
   "id": "GEBAEUDETYPOGD.23046686",
   "properties": {
    "ACD": "142087",
    "BAUTYP": 0,
    "BAUTYP_TXT": "Keine Angabe",
    "BEZUG": "142087",
    "OBJECTID": 23046686,
    "OBJ_STR": null,
    "OBJ_STR2": 33,
    "OBJ_STR2_TXT": "nach 1945",
    "OBJ_STR_TXT": null,
    "SE_ANNO_CAD_DATA": null
   },
   "type": "Feature"
  },
  {
   "geometry": {
    "coordinates": [
     [
      [
       16.37632906,
       48.18326698
      ],
      [
       16.37632816,
       48.18326934
      ],
      [
       16.37632397,
       48.18326858
      ],
      [
       16.37632411,
       48.18326814
      ],
      [
       16.37630788,
       48.18326532
      ],
      [
       16.37630879,
       48.1832621
      ],
      [
       16.37632086,
       48.18326422
      ],
      [
       16.37632953,
       48.18326575
      ],
      [
       16.37632906,
       48.18326698
      ]
     ]
    ],
    "type": "Polygon"
   },
   "geometry_name": "SHAPE",
   "id": "GEBAEUDETYPOGD.23045290",
   "properties": {
    "ACD": "142087",
    "BAUTYP": 0,
    "BAUTYP_TXT": "Keine Angabe",
    "BEZUG": "142087",
    "OBJECTID": 23045290,
    "OBJ_STR": null,
    "OBJ_STR2": 33,
    "OBJ_STR2_TXT": "nach 1945",
    "OBJ_STR_TXT": null,
    "SE_ANNO_CAD_DATA": null
   },
   "type": "Feature"
  },
  {
   "geometry": {
    "coordinates": [
     [
      [
       16.37651598,
       48.18328108
      ],
      [
       16.37650948,
       48.1832974
      ],
      [
       16.37650198,
       48.18329609
      ],
      [
       16.37645482,
       48.18328777
      ],
      [
       16.37644789,
       48.18328661
      ],
      [
       16.37638317,
       48.18327522
      ],
      [
       16.37637632,
       48.18327403
      ],
      [
       16.37632953,
       48.18326575
      ],
      [
       16.37632086,
       48.18326422
      ],
      [
       16.3763275,
       48.18324756
      ],
      [
       16.37651598,
       48.18328108
      ]
     ]
    ],
    "type": "Polygon"
   },
   "geometry_name": "SHAPE",
   "id": "GEBAEUDETYPOGD.23045398",
   "properties": {
    "ACD": "142087",
    "BAUTYP": 0,
    "BAUTYP_TXT": "Keine Angabe",
    "BEZUG": "142087",
    "OBJECTID": 23045398,
    "OBJ_STR": null,
    "OBJ_STR2": 33,
    "OBJ_STR2_TXT": "nach 1945",
    "OBJ_STR_TXT": null,
    "SE_ANNO_CAD_DATA": null
   },
   "type": "Feature"
  },
  {
   "geometry": {
    "coordinates": [
     [
      [
       16.37637632,
       48.18327403
      ],
      [
       16.37637575,
       48.18327541
      ],
      [
       16.37632906,
       48.18326698
      ],
      [
       16.37632953,
       48.18326575
      ],
      [
       16.37637632,
       48.18327403
      ]
     ]
    ],
    "type": "Polygon"
   },
   "geometry_name": "SHAPE",
   "id": "GEBAEUDETYPOGD.23045397",
   "properties": {
    "ACD": "142087",
    "BAUTYP": 0,
    "BAUTYP_TXT": "Keine Angabe",
    "BEZUG": "142087",
    "OBJECTID": 23045397,
    "OBJ_STR": null,
    "OBJ_STR2": 33,
    "OBJ_STR2_TXT": "nach 1945",
    "OBJ_STR_TXT": null,
    "SE_ANNO_CAD_DATA": null
   },
   "type": "Feature"
  },
  {
   "geometry": {
    "coordinates": [
     [
      [
       16.37638259,
       48.18327662
      ],
      [
       16.37638171,
       48.18327874
      ],
      [
       16.37637489,
       48.18327746
      ],
      [
       16.37637575,
       48.18327541
      ],
      [
       16.37637632,
       48.18327403
      ],
      [
       16.37638317,
       48.18327522
      ],
      [
       16.37638259,
       48.18327662
      ]
     ]
    ],
    "type": "Polygon"
   },
   "geometry_name": "SHAPE",
   "id": "GEBAEUDETYPOGD.23044383",
   "properties": {
    "ACD": "142087",
    "BAUTYP": 0,
    "BAUTYP_TXT": "Keine Angabe",
    "BEZUG": "142087",
    "OBJECTID": 23044383,
    "OBJ_STR": null,
    "OBJ_STR2": 33,
    "OBJ_STR2_TXT": "nach 1945",
    "OBJ_STR_TXT": null,
    "SE_ANNO_CAD_DATA": null
   },
   "type": "Feature"
  },
  {
   "geometry": {
    "coordinates": [
     [
      [
       16.37644789,
       48.18328661
      ],
      [
       16.37644729,
       48.18328814
      ],
      [
       16.37638259,
       48.18327662
      ],
      [
       16.37638317,
       48.18327522
      ],
      [
       16.37644789,
       48.18328661
      ]
     ]
    ],
    "type": "Polygon"
   },
   "geometry_name": "SHAPE",
   "id": "GEBAEUDETYPOGD.23044382",
   "properties": {
    "ACD": "142087",
    "BAUTYP": 0,
    "BAUTYP_TXT": "Keine Angabe",
    "BEZUG": "142087",
    "OBJECTID": 23044382,
    "OBJ_STR": null,
    "OBJ_STR2": 33,
    "OBJ_STR2_TXT": "nach 1945",
    "OBJ_STR_TXT": null,
    "SE_ANNO_CAD_DATA": null
   },
   "type": "Feature"
  },
  {
   "geometry": {
    "coordinates": [
     [
      [
       16.37647792,
       48.18334064
      ],
      [
       16.37645318,
       48.18336057
      ],
      [
       16.37638812,
       48.18332495
      ],
      [
       16.37641146,
       48.18332905
      ],
      [
       16.37644884,
       48.18333557
      ],
      [
       16.37647193,
       48.1833396
      ],
      [
       16.37647792,
       48.18334064
      ]
     ]
    ],
    "type": "Polygon"
   },
   "geometry_name": "SHAPE",
   "id": "GEBAEUDETYPOGD.23044365",
   "properties": {
    "ACD": "142087",
    "BAUTYP": 0,
    "BAUTYP_TXT": "Keine Angabe",
    "BEZUG": "142087",
    "OBJECTID": 23044365,
    "OBJ_STR": null,
    "OBJ_STR2": 33,
    "OBJ_STR2_TXT": "nach 1945",
    "OBJ_STR_TXT": null,
    "SE_ANNO_CAD_DATA": null
   },
   "type": "Feature"
  },
  {
   "geometry": {
    "coordinates": [
     [
      [
       16.37645417,
       48.18328932
      ],
      [
       16.37645337,
       48.18329127
      ],
      [
       16.37644649,
       48.18329017
      ],
      [
       16.37644729,
       48.18328814
      ],
      [
       16.37644789,
       48.18328661
      ],
      [
       16.37645482,
       48.18328777
      ],
      [
       16.37645417,
       48.18328932
      ]
     ]
    ],
    "type": "Polygon"
   },
   "geometry_name": "SHAPE",
   "id": "GEBAEUDETYPOGD.23044380",
   "properties": {
    "ACD": "142087",
    "BAUTYP": 0,
    "BAUTYP_TXT": "Keine Angabe",
    "BEZUG": "142087",
    "OBJECTID": 23044380,
    "OBJ_STR": null,
    "OBJ_STR2": 33,
    "OBJ_STR2_TXT": "nach 1945",
    "OBJ_STR_TXT": null,
    "SE_ANNO_CAD_DATA": null
   },
   "type": "Feature"
  },
  {
   "geometry": {
    "coordinates": [
     [
      [
       16.37650198,
       48.18329609
      ],
      [
       16.37650141,
       48.1832976
      ],
      [
       16.37645417,
       48.18328932
      ],
      [
       16.37645482,
       48.18328777
      ],
      [
       16.37650198,
       48.18329609
      ]
     ]
    ],
    "type": "Polygon"
   },
   "geometry_name": "SHAPE",
   "id": "GEBAEUDETYPOGD.23045399",
   "properties": {
    "ACD": "142087",
    "BAUTYP": 0,
    "BAUTYP_TXT": "Keine Angabe",
    "BEZUG": "142087",
    "OBJECTID": 23045399,
    "OBJ_STR": null,
    "OBJ_STR2": 33,
    "OBJ_STR2_TXT": "nach 1945",
    "OBJ_STR_TXT": null,
    "SE_ANNO_CAD_DATA": null
   },
   "type": "Feature"
  },
  {
   "geometry": {
    "coordinates": [
     [
      [
       [
        16.37656986,
        48.18335192
       ],
       [
        16.37654625,
        48.18337154
       ],
       [
        16.37649489,
        48.1833436
       ],
       [
        16.37647792,
        48.18334064
       ],
       [
        16.37652416,
        48.1833034
       ],
       [
        16.37656825,
        48.18331113
       ],
       [
        16.37659875,
        48.18332803
       ],
       [
        16.37657501,
        48.18334763
       ],
       [
        16.37657071,
        48.18334531
       ],
       [
        16.37656535,
        48.18334967
       ],
       [
        16.37656986,
        48.18335192
       ]
      ],
      [
       [
        16.3765271,
        48.1833274
       ],
       [
        16.3765271,
        48.1833274
       ],
       [
        16.37652713,
        48.1833277
       ],
       [
        16.37652722,
        48.18332799
       ],
       [
        16.37652736,
        48.18332828
       ],
       [
        16.37652756,
        48.18332855
       ],
       [
        16.37652781,
        48.1833288
       ],
       [
        16.37652811,
        48.18332902
       ],
       [
        16.37652845,
        48.18332922
       ],
       [
        16.37652882,
        48.18332939
       ],
       [
        16.37652922,
        48.18332952
       ],
       [
        16.37652965,
        48.18332961
       ],
       [
        16.37653009,
        48.18332967
       ],
       [
        16.37653053,
        48.18332969
       ],
       [
        16.37653053,
        48.18332969
       ],
       [
        16.37653098,
        48.18332967
       ],
       [
        16.37653142,
        48.18332961
       ],
       [
        16.37653185,
        48.18332952
       ],
       [
        16.37653225,
        48.18332938
       ],
       [
        16.37653262,
        48.18332922
       ],
       [
        16.37653296,
        48.18332902
       ],
       [
        16.37653325,
        48.18332879
       ],
       [
        16.3765335,
        48.18332854
       ],
       [
        16.3765337,
        48.18332828
       ],
       [
        16.37653384,
        48.18332799
       ],
       [
        16.37653393,
        48.1833277
       ],
       [
        16.37653396,
        48.1833274
       ],
       [
        16.37653396,
        48.1833274
       ],
       [
        16.37653396,
        48.1833274
       ],
       [
        16.37653393,
        48.1833271
       ],
       [
        16.37653384,
        48.1833268
       ],
       [
        16.3765337,
        48.18332652
       ],
       [
        16.3765335,
        48.18332625
       ],
       [
        16.37653325,
        48.183326
       ],
       [
        16.37653295,
        48.18332578
       ],
       [
        16.37653295,
        48.18332578
       ],
       [
        16.37653262,
        48.18332558
       ],
       [
        16.37653224,
        48.18332541
       ],
       [
        16.37653184,
        48.18332528
       ],
       [
        16.37653142,
        48.18332518
       ],
       [
        16.37653098,
        48.18332513
       ],
       [
        16.37653053,
        48.18332511
       ],
       [
        16.37653008,
        48.18332513
       ],
       [
        16.37652964,
        48.18332518
       ],
       [
        16.37652922,
        48.18332528
       ],
       [
        16.37652882,
        48.18332541
       ],
       [
        16.37652844,
        48.18332558
       ],
       [
        16.37652811,
        48.18332578
       ],
       [
        16.37652811,
        48.18332578
       ],
       [
        16.37652781,
        48.183326
       ],
       [
        16.37652756,
        48.18332625
       ],
       [
        16.37652736,
        48.18332652
       ],
       [
        16.37652722,
        48.18332681
       ],
       [
        16.37652713,
        48.1833271
       ],
       [
        16.3765271,
        48.1833274
       ],
       [
        16.3765271,
        48.1833274
       ]
      ]
     ]
    ],
    "type": "MultiPolygon"
   },
   "geometry_name": "SHAPE",
   "id": "GEBAEUDETYPOGD.23047982",
   "properties": {
    "ACD": "142087",
    "BAUTYP": 0,
    "BAUTYP_TXT": "Keine Angabe",
    "BEZUG": "142087",
    "OBJECTID": 23047982,
    "OBJ_STR": null,
    "OBJ_STR2": 33,
    "OBJ_STR2_TXT": "nach 1945",
    "OBJ_STR_TXT": null,
    "SE_ANNO_CAD_DATA": "[B@6a6cf6a2"
   },
   "type": "Feature"
  },
  {
   "geometry": {
    "coordinates": [
     [
      [
       16.37652765,
       48.18330059
      ],
      [
       16.37652416,
       48.1833034
      ],
      [
       16.37650531,
       48.1833001
      ],
      [
       16.37650515,
       48.18330054
      ],
      [
       16.37650061,
       48.18329974
      ],
      [
       16.37650141,
       48.1832976
      ],
      [
       16.37650198,
       48.18329609
      ],
      [
       16.37650948,
       48.1832974
      ],
      [
       16.37652765,
       48.18330059
      ]
     ]
    ],
    "type": "Polygon"
   },
   "geometry_name": "SHAPE",
   "id": "GEBAEUDETYPOGD.23044376",
   "properties": {
    "ACD": "142087",
    "BAUTYP": 0,
    "BAUTYP_TXT": "Keine Angabe",
    "BEZUG": "142087",
    "OBJECTID": 23044376,
    "OBJ_STR": null,
    "OBJ_STR2": 33,
    "OBJ_STR2_TXT": "nach 1945",
    "OBJ_STR_TXT": null,
    "SE_ANNO_CAD_DATA": null
   },
   "type": "Feature"
  },
  {
   "geometry": {
    "coordinates": [
     [
      [
       16.37660456,
       48.18332324
      ],
      [
       16.37659875,
       48.18332803
      ],
      [
       16.37656825,
       48.18331113
      ],
      [
       16.37652416,
       48.1833034
      ],
      [
       16.37652765,
       48.18330059
      ],
      [
       16.37657972,
       48.1833097
      ],
      [
       16.37660456,
       48.18332324
      ]
     ]
    ],
    "type": "Polygon"
   },
   "geometry_name": "SHAPE",
   "id": "GEBAEUDETYPOGD.23044370",
   "properties": {
    "ACD": "142087",
    "BAUTYP": 0,
    "BAUTYP_TXT": "Keine Angabe",
    "BEZUG": "142087",
    "OBJECTID": 23044370,
    "OBJ_STR": null,
    "OBJ_STR2": 33,
    "OBJ_STR2_TXT": "nach 1945",
    "OBJ_STR_TXT": null,
    "SE_ANNO_CAD_DATA": null
   },
   "type": "Feature"
  },
  {
   "geometry": {
    "coordinates": [
     [
      [
       16.37653396,
       48.1833274
      ],
      [
       16.37653396,
       48.1833274
      ],
      [
       16.37653393,
       48.1833277
      ],
      [
       16.37653384,
       48.18332799
      ],
      [
       16.3765337,
       48.18332828
      ],
      [
       16.3765335,
       48.18332854
      ],
      [
       16.37653325,
       48.18332879
      ],
      [
       16.37653296,
       48.18332902
      ],
      [
       16.37653262,
       48.18332922
      ],
      [
       16.37653225,
       48.18332938
      ],
      [
       16.37653185,
       48.18332952
      ],
      [
       16.37653142,
       48.18332961
      ],
      [
       16.37653098,
       48.18332967
      ],
      [
       16.37653053,
       48.18332969
      ],
      [
       16.37653053,
       48.18332969
      ],
      [
       16.37653009,
       48.18332967
      ],
      [
       16.37652965,
       48.18332961
      ],
      [
       16.37652922,
       48.18332952
      ],
      [
       16.37652882,
       48.18332939
      ],
      [
       16.37652845,
       48.18332922
      ],
      [
       16.37652811,
       48.18332902
      ],
      [
       16.37652781,
       48.1833288
      ],
      [
       16.37652756,
       48.18332855
      ],
      [
       16.37652736,
       48.18332828
      ],
      [
       16.37652722,
       48.18332799
      ],
      [
       16.37652713,
       48.1833277
      ],
      [
       16.3765271,
       48.1833274
      ],
      [
       16.3765271,
       48.1833274
      ],
      [
       16.3765271,
       48.1833274
      ],
      [
       16.37652713,
       48.1833271
      ],
      [
       16.37652722,
       48.18332681
      ],
      [
       16.37652736,
       48.18332652
      ],
      [
       16.37652756,
       48.18332625
      ],
      [
       16.37652781,
       48.183326
      ],
      [
       16.37652811,
       48.18332578
      ],
      [
       16.37652811,
       48.18332578
      ],
      [
       16.37652844,
       48.18332558
      ],
      [
       16.37652882,
       48.18332541
      ],
      [
       16.37652922,
       48.18332528
      ],
      [
       16.37652964,
       48.18332518
      ],
      [
       16.37653008,
       48.18332513
      ],
      [
       16.37653053,
       48.18332511
      ],
      [
       16.37653098,
       48.18332513
      ],
      [
       16.37653142,
       48.18332518
      ],
      [
       16.37653184,
       48.18332528
      ],
      [
       16.37653224,
       48.18332541
      ],
      [
       16.37653262,
       48.18332558
      ],
      [
       16.37653295,
       48.18332578
      ],
      [
       16.37653295,
       48.18332578
      ],
      [
       16.37653325,
       48.183326
      ],
      [
       16.3765335,
       48.18332625
      ],
      [
       16.3765337,
       48.18332652
      ],
      [
       16.37653384,
       48.1833268
      ],
      [
       16.37653393,
       48.1833271
      ],
      [
       16.37653396,
       48.1833274
      ],
      [
       16.37653396,
       48.1833274
      ]
     ]
    ],
    "type": "Polygon"
   },
   "geometry_name": "SHAPE",
   "id": "GEBAEUDETYPOGD.23048869",
   "properties": {
    "ACD": "142087",
    "BAUTYP": 0,
    "BAUTYP_TXT": "Keine Angabe",
    "BEZUG": "142087",
    "OBJECTID": 23048869,
    "OBJ_STR": null,
    "OBJ_STR2": 33,
    "OBJ_STR2_TXT": "nach 1945",
    "OBJ_STR_TXT": null,
    "SE_ANNO_CAD_DATA": "[B@6e9e2637"
   },
   "type": "Feature"
  },
  {
   "geometry": {
    "coordinates": [
     [
      [
       16.37654135,
       48.18328878
      ],
      [
       16.37657972,
       48.1833097
      ],
      [
       16.37652765,
       48.18330059
      ],
      [
       16.37654135,
       48.18328878
      ]
     ]
    ],
    "type": "Polygon"
   },
   "geometry_name": "SHAPE",
   "id": "GEBAEUDETYPOGD.23044373",
   "properties": {
    "ACD": "142087",
    "BAUTYP": 0,
    "BAUTYP_TXT": "Keine Angabe",
    "BEZUG": "142087",
    "OBJECTID": 23044373,
    "OBJ_STR": null,
    "OBJ_STR2": 33,
    "OBJ_STR2_TXT": "nach 1945",
    "OBJ_STR_TXT": null,
    "SE_ANNO_CAD_DATA": null
   },
   "type": "Feature"
  },
  {
   "geometry": {
    "coordinates": [
     [
      [
       16.37657501,
       48.18334763
      ],
      [
       16.37656986,
       48.18335192
      ],
      [
       16.37656535,
       48.18334967
      ],
      [
       16.37657071,
       48.18334531
      ],
      [
       16.37657501,
       48.18334763
      ]
     ]
    ],
    "type": "Polygon"
   },
   "geometry_name": "SHAPE",
   "id": "GEBAEUDETYPOGD.23044366",
   "properties": {
    "ACD": "142087",
    "BAUTYP": 0,
    "BAUTYP_TXT": "Keine Angabe",
    "BEZUG": "142087",
    "OBJECTID": 23044366,
    "OBJ_STR": null,
    "OBJ_STR2": 33,
    "OBJ_STR2_TXT": "nach 1945",
    "OBJ_STR_TXT": null,
    "SE_ANNO_CAD_DATA": null
   },
   "type": "Feature"
  },
  {
   "geometry": {
    "coordinates": [
     [
      [
       16.3766136,
       48.18331562
      ],
      [
       16.37660456,
       48.18332324
      ],
      [
       16.37657972,
       48.1833097
      ],
      [
       16.3766136,
       48.18331562
      ]
     ]
    ],
    "type": "Polygon"
   },
   "geometry_name": "SHAPE",
   "id": "GEBAEUDETYPOGD.23044371",
   "properties": {
    "ACD": "142087",
    "BAUTYP": 0,
    "BAUTYP_TXT": "Keine Angabe",
    "BEZUG": "142087",
    "OBJECTID": 23044371,
    "OBJ_STR": null,
    "OBJ_STR2": 33,
    "OBJ_STR2_TXT": "nach 1945",
    "OBJ_STR_TXT": null,
    "SE_ANNO_CAD_DATA": null
   },
   "type": "Feature"
  },
  {
   "geometry": {
    "coordinates": [
     [
      [
       16.37614526,
       48.18370355
      ],
      [
       16.37608625,
       48.18375273
      ],
      [
       16.37608356,
       48.18375162
      ],
      [
       16.37608955,
       48.18373124
      ],
      [
       16.37610382,
       48.18368268
      ],
      [
       16.37610413,
       48.18368164
      ],
      [
       16.37614526,
       48.18370355
      ]
     ]
    ],
    "type": "Polygon"
   },
   "geometry_name": "SHAPE",
   "id": "GEBAEUDETYPOGD.23044307",
   "properties": {
    "ACD": "142087",
    "BAUTYP": 0,
    "BAUTYP_TXT": "Keine Angabe",
    "BEZUG": "142087",
    "OBJECTID": 23044307,
    "OBJ_STR": null,
    "OBJ_STR2": 33,
    "OBJ_STR2_TXT": "nach 1945",
    "OBJ_STR_TXT": null,
    "SE_ANNO_CAD_DATA": null
   },
   "type": "Feature"
  },
  {
   "geometry": {
    "coordinates": [
     [
      [
       16.37612753,
       48.18365959
      ],
      [
       16.37610221,
       48.18368062
      ],
      [
       16.37608561,
       48.18367176
      ],
      [
       16.37609362,
       48.1836649
      ],
      [
       16.376096,
       48.18366519
      ],
      [
       16.37609698,
       48.18366202
      ],
      [
       16.37609817,
       48.183661
      ],
      [
       16.37611266,
       48.18366274
      ],
      [
       16.37611707,
       48.18364735
      ],
      [
       16.37612762,
       48.18365427
      ],
      [
       16.37612315,
       48.18365764
      ],
      [
       16.37612753,
       48.18365959
      ]
     ]
    ],
    "type": "Polygon"
   },
   "geometry_name": "SHAPE",
   "id": "GEBAEUDETYPOGD.23044318",
   "properties": {
    "ACD": "142087",
    "BAUTYP": 0,
    "BAUTYP_TXT": "Keine Angabe",
    "BEZUG": "142087",
    "OBJECTID": 23044318,
    "OBJ_STR": null,
    "OBJ_STR2": 33,
    "OBJ_STR2_TXT": "nach 1945",
    "OBJ_STR_TXT": null,
    "SE_ANNO_CAD_DATA": null
   },
   "type": "Feature"
  },
  {
   "geometry": {
    "coordinates": [
     [
      [
       16.37609698,
       48.18366202
      ],
      [
       16.376096,
       48.18366519
      ],
      [
       16.37609362,
       48.1836649
      ],
      [
       16.37609698,
       48.18366202
      ]
     ]
    ],
    "type": "Polygon"
   },
   "geometry_name": "SHAPE",
   "id": "GEBAEUDETYPOGD.23048007",
   "properties": {
    "ACD": "142087",
    "BAUTYP": 0,
    "BAUTYP_TXT": "Keine Angabe",
    "BEZUG": "142087",
    "OBJECTID": 23048007,
    "OBJ_STR": null,
    "OBJ_STR2": 33,
    "OBJ_STR2_TXT": "nach 1945",
    "OBJ_STR_TXT": null,
    "SE_ANNO_CAD_DATA": null
   },
   "type": "Feature"
  },
  {
   "geometry": {
    "coordinates": [
     [
      [
       16.37610116,
       48.18364721
      ],
      [
       16.37609853,
       48.18365629
      ],
      [
       16.37609798,
       48.18365589
      ],
      [
       16.37609745,
       48.18365547
      ],
      [
       16.37609697,
       48.183655
      ],
      [
       16.37609653,
       48.1836545
      ],
      [
       16.37609585,
       48.1836536
      ],
      [
       16.37609717,
       48.183649
      ],
      [
       16.37609399,
       48.18364857
      ],
      [
       16.37609394,
       48.18364817
      ],
      [
       16.3760939,
       48.18364726
      ],
      [
       16.37609391,
       48.18364634
      ],
      [
       16.37610116,
       48.18364721
      ]
     ]
    ],
    "type": "Polygon"
   },
   "geometry_name": "SHAPE",
   "id": "GEBAEUDETYPOGD.23048004",
   "properties": {
    "ACD": "142087",
    "BAUTYP": 0,
    "BAUTYP_TXT": "Keine Angabe",
    "BEZUG": "142087",
    "OBJECTID": 23048004,
    "OBJ_STR": null,
    "OBJ_STR2": 33,
    "OBJ_STR2_TXT": "nach 1945",
    "OBJ_STR_TXT": null,
    "SE_ANNO_CAD_DATA": null
   },
   "type": "Feature"
  },
  {
   "geometry": {
    "coordinates": [
     [
      [
       16.37611707,
       48.18364735
      ],
      [
       16.37611266,
       48.18366274
      ],
      [
       16.37609817,
       48.183661
      ],
      [
       16.37610175,
       48.18365794
      ],
      [
       16.37610105,
       48.18365765
      ],
      [
       16.37610036,
       48.18365733
      ],
      [
       16.37609973,
       48.18365701
      ],
      [
       16.37609911,
       48.18365666
      ],
      [
       16.37609853,
       48.18365629
      ],
      [
       16.37610116,
       48.18364721
      ],
      [
       16.37609391,
       48.18364634
      ],
      [
       16.37609395,
       48.18364563
      ],
      [
       16.37609402,
       48.18364491
      ],
      [
       16.3760941,
       48.1836442
      ],
      [
       16.3760942,
       48.18364348
      ],
      [
       16.37609435,
       48.18364277
      ],
      [
       16.37609453,
       48.18364205
      ],
      [
       16.37609474,
       48.18364134
      ],
      [
       16.37609501,
       48.18364062
      ],
      [
       16.37609532,
       48.18363991
      ],
      [
       16.37610548,
       48.18364097
      ],
      [
       16.37611042,
       48.18362345
      ],
      [
       16.37612257,
       48.18361337
      ],
      [
       16.37611368,
       48.18364512
      ],
      [
       16.37611707,
       48.18364735
      ]
     ]
    ],
    "type": "Polygon"
   },
   "geometry_name": "SHAPE",
   "id": "GEBAEUDETYPOGD.23046700",
   "properties": {
    "ACD": "142087",
    "BAUTYP": 0,
    "BAUTYP_TXT": "Keine Angabe",
    "BEZUG": "142087",
    "OBJECTID": 23046700,
    "OBJ_STR": null,
    "OBJ_STR2": 33,
    "OBJ_STR2_TXT": "nach 1945",
    "OBJ_STR_TXT": null,
    "SE_ANNO_CAD_DATA": null
   },
   "type": "Feature"
  },
  {
   "geometry": {
    "coordinates": [
     [
      [
       16.37609717,
       48.183649
      ],
      [
       16.37609585,
       48.1836536
      ],
      [
       16.37609529,
       48.1836527
      ],
      [
       16.37609483,
       48.1836518
      ],
      [
       16.37609448,
       48.1836509
      ],
      [
       16.37609422,
       48.18364999
      ],
      [
       16.37609405,
       48.18364908
      ],
      [
       16.37609399,
       48.18364857
      ],
      [
       16.37609717,
       48.183649
      ]
     ]
    ],
    "type": "Polygon"
   },
   "geometry_name": "SHAPE",
   "id": "GEBAEUDETYPOGD.23048471",
   "properties": {
    "ACD": "142087",
    "BAUTYP": 0,
    "BAUTYP_TXT": "Keine Angabe",
    "BEZUG": "142087",
    "OBJECTID": 23048471,
    "OBJ_STR": null,
    "OBJ_STR2": 33,
    "OBJ_STR2_TXT": "nach 1945",
    "OBJ_STR_TXT": null,
    "SE_ANNO_CAD_DATA": null
   },
   "type": "Feature"
  },
  {
   "geometry": {
    "coordinates": [
     [
      [
       16.3764626,
       48.18336572
      ],
      [
       16.37618993,
       48.1835907
      ],
      [
       16.37619919,
       48.18355323
      ],
      [
       16.3762036,
       48.18353541
      ],
      [
       16.3762274,
       48.18351592
      ],
      [
       16.3762863,
       48.18330697
      ],
      [
       16.37629085,
       48.18330766
      ],
      [
       16.37628893,
       48.18331304
      ],
      [
       16.37631074,
       48.18331583
      ],
      [
       16.37631176,
       48.18331152
      ],
      [
       16.37638812,
       48.18332495
      ],
      [
       16.37645318,
       48.18336057
      ],
      [
       16.3764626,
       48.18336572
      ]
     ]
    ],
    "type": "Polygon"
   },
   "geometry_name": "SHAPE",
   "id": "GEBAEUDETYPOGD.23044329",
   "properties": {
    "ACD": "142087",
    "BAUTYP": 0,
    "BAUTYP_TXT": "Keine Angabe",
    "BEZUG": "142087",
    "OBJECTID": 23044329,
    "OBJ_STR": null,
    "OBJ_STR2": 33,
    "OBJ_STR2_TXT": "nach 1945",
    "OBJ_STR_TXT": null,
    "SE_ANNO_CAD_DATA": null
   },
   "type": "Feature"
  },
  {
   "geometry": {
    "coordinates": [
     [
      [
       16.37632682,
       48.18356181
      ],
      [
       16.37615151,
       48.1837069
      ],
      [
       16.37614526,
       48.18370355
      ],
      [
       16.37622874,
       48.18363428
      ],
      [
       16.37638117,
       48.18350822
      ],
      [
       16.37654625,
       48.18337154
      ],
      [
       16.37656986,
       48.18335192
      ],
      [
       16.37657501,
       48.18334763
      ],
      [
       16.37659875,
       48.18332803
      ],
      [
       16.37660456,
       48.18332324
      ],
      [
       16.37661087,
       48.18332668
      ],
      [
       16.3764038,
       48.18349808
      ],
      [
       16.37632682,
       48.18356181
      ]
     ]
    ],
    "type": "Polygon"
   },
   "geometry_name": "SHAPE",
   "id": "GEBAEUDETYPOGD.23047864",
   "properties": {
    "ACD": "142087",
    "BAUTYP": 0,
    "BAUTYP_TXT": "Keine Angabe",
    "BEZUG": "142087",
    "OBJECTID": 23047864,
    "OBJ_STR": null,
    "OBJ_STR2": 33,
    "OBJ_STR2_TXT": "nach 1945",
    "OBJ_STR_TXT": null,
    "SE_ANNO_CAD_DATA": null
   },
   "type": "Feature"
  },
  {
   "geometry": {
    "coordinates": [
     [
      [
       16.37622874,
       48.18363428
      ],
      [
       16.37614526,
       48.18370355
      ],
      [
       16.37610413,
       48.18368164
      ],
      [
       16.37610221,
       48.18368062
      ],
      [
       16.37612753,
       48.18365959
      ],
      [
       16.37612315,
       48.18365764
      ],
      [
       16.37612762,
       48.18365427
      ],
      [
       16.37611707,
       48.18364735
      ],
      [
       16.37611368,
       48.18364512
      ],
      [
       16.37612257,
       48.18361337
      ],
      [
       16.3761749,
       48.18357107
      ],
      [
       16.37616626,
       48.18356577
      ],
      [
       16.37619031,
       48.18354804
      ],
      [
       16.37619919,
       48.18355323
      ],
      [
       16.37618993,
       48.1835907
      ],
      [
       16.3764626,
       48.18336572
      ],
      [
       16.37645318,
       48.18336057
      ],
      [
       16.37647792,
       48.18334064
      ],
      [
       16.37649489,
       48.1833436
      ],
      [
       16.37654625,
       48.18337154
      ],
      [
       16.37638117,
       48.18350822
      ],
      [
       16.37622874,
       48.18363428
      ]
     ]
    ],
    "type": "Polygon"
   },
   "geometry_name": "SHAPE",
   "id": "GEBAEUDETYPOGD.23044316",
   "properties": {
    "ACD": "142087",
    "BAUTYP": 0,
    "BAUTYP_TXT": "Keine Angabe",
    "BEZUG": "142087",
    "OBJECTID": 23044316,
    "OBJ_STR": null,
    "OBJ_STR2": 33,
    "OBJ_STR2_TXT": "nach 1945",
    "OBJ_STR_TXT": null,
    "SE_ANNO_CAD_DATA": null
   },
   "type": "Feature"
  },
  {
   "geometry": {
    "coordinates": [
     [
      [
       16.376212,
       48.18329422
      ],
      [
       16.37620301,
       48.18332653
      ],
      [
       16.37619765,
       48.18332591
      ],
      [
       16.37619487,
       48.18332557
      ],
      [
       16.37621965,
       48.18323717
      ],
      [
       16.37631255,
       48.18324888
      ],
      [
       16.37630879,
       48.1832621
      ],
      [
       16.37622548,
       48.18324752
      ],
      [
       16.3762245,
       48.18325077
      ],
      [
       16.376212,
       48.18329422
      ]
     ]
    ],
    "type": "Polygon"
   },
   "geometry_name": "SHAPE",
   "id": "GEBAEUDETYPOGD.23047844",
   "properties": {
    "ACD": "142087",
    "BAUTYP": 0,
    "BAUTYP_TXT": "Keine Angabe",
    "BEZUG": "142087",
    "OBJECTID": 23047844,
    "OBJ_STR": null,
    "OBJ_STR2": 33,
    "OBJ_STR2_TXT": "nach 1945",
    "OBJ_STR_TXT": null,
    "SE_ANNO_CAD_DATA": null
   },
   "type": "Feature"
  },
  {
   "geometry": {
    "coordinates": [
     [
      [
       16.37630879,
       48.1832621
      ],
      [
       16.37630788,
       48.18326532
      ],
      [
       16.37623339,
       48.18325232
      ],
      [
       16.3762245,
       48.18325077
      ],
      [
       16.37622548,
       48.18324752
      ],
      [
       16.37630879,
       48.1832621
      ]
     ]
    ],
    "type": "Polygon"
   },
   "geometry_name": "SHAPE",
   "id": "GEBAEUDETYPOGD.23045289",
   "properties": {
    "ACD": "142087",
    "BAUTYP": 0,
    "BAUTYP_TXT": "Keine Angabe",
    "BEZUG": "142087",
    "OBJECTID": 23045289,
    "OBJ_STR": null,
    "OBJ_STR2": 33,
    "OBJ_STR2_TXT": "nach 1945",
    "OBJ_STR_TXT": null,
    "SE_ANNO_CAD_DATA": null
   },
   "type": "Feature"
  },
  {
   "geometry": {
    "coordinates": [
     [
      [
       16.37623339,
       48.18325232
      ],
      [
       16.3762212,
       48.18329575
      ],
      [
       16.376212,
       48.18329422
      ],
      [
       16.3762245,
       48.18325077
      ],
      [
       16.37623339,
       48.18325232
      ]
     ]
    ],
    "type": "Polygon"
   },
   "geometry_name": "SHAPE",
   "id": "GEBAEUDETYPOGD.23047980",
   "properties": {
    "ACD": "142087",
    "BAUTYP": 0,
    "BAUTYP_TXT": "Keine Angabe",
    "BEZUG": "142087",
    "OBJECTID": 23047980,
    "OBJ_STR": null,
    "OBJ_STR2": 33,
    "OBJ_STR2_TXT": "nach 1945",
    "OBJ_STR_TXT": null,
    "SE_ANNO_CAD_DATA": null
   },
   "type": "Feature"
  },
  {
   "geometry": {
    "coordinates": [
     [
      [
       16.3761749,
       48.18357107
      ],
      [
       16.37612257,
       48.18361337
      ],
      [
       16.37612993,
       48.18358711
      ],
      [
       16.37613394,
       48.18357281
      ],
      [
       16.37613459,
       48.18357051
      ],
      [
       16.37613523,
       48.18356821
      ],
      [
       16.37613587,
       48.18356591
      ],
      [
       16.37613651,
       48.18356362
      ],
      [
       16.37613716,
       48.18356132
      ],
      [
       16.3761378,
       48.18355902
      ],
      [
       16.37613845,
       48.18355672
      ],
      [
       16.37613909,
       48.18355443
      ],
      [
       16.37613979,
       48.18355193
      ],
      [
       16.37614043,
       48.18354962
      ],
      [
       16.37614108,
       48.18354733
      ],
      [
       16.37614172,
       48.18354503
      ],
      [
       16.37614236,
       48.18354273
      ],
      [
       16.37614301,
       48.18354043
      ],
      [
       16.37614365,
       48.18353814
      ],
      [
       16.3761443,
       48.18353584
      ],
      [
       16.37614492,
       48.1835336
      ],
      [
       16.37614499,
       48.18353335
      ],
      [
       16.37614664,
       48.18352811
      ],
      [
       16.37620301,
       48.18332653
      ],
      [
       16.376212,
       48.18329422
      ],
      [
       16.3762212,
       48.18329575
      ],
      [
       16.37615565,
       48.1835292
      ],
      [
       16.3762036,
       48.18353541
      ],
      [
       16.37619919,
       48.18355323
      ],
      [
       16.37619031,
       48.18354804
      ],
      [
       16.37616626,
       48.18356577
      ],
      [
       16.3761749,
       48.18357107
      ]
     ]
    ],
    "type": "Polygon"
   },
   "geometry_name": "SHAPE",
   "id": "GEBAEUDETYPOGD.23044326",
   "properties": {
    "ACD": "142087",
    "BAUTYP": 0,
    "BAUTYP_TXT": "Keine Angabe",
    "BEZUG": "142087",
    "OBJECTID": 23044326,
    "OBJ_STR": null,
    "OBJ_STR2": 33,
    "OBJ_STR2_TXT": "nach 1945",
    "OBJ_STR_TXT": null,
    "SE_ANNO_CAD_DATA": null
   },
   "type": "Feature"
  },
  {
   "geometry": {
    "coordinates": [
     [
      [
       16.3762274,
       48.18351592
      ],
      [
       16.3762036,
       48.18353541
      ],
      [
       16.37615565,
       48.1835292
      ],
      [
       16.3762212,
       48.18329575
      ],
      [
       16.37624389,
       48.18329954
      ],
      [
       16.37624194,
       48.18330568
      ],
      [
       16.37628166,
       48.18331087
      ],
      [
       16.37628298,
       48.18330646
      ],
      [
       16.3762863,
       48.18330697
      ],
      [
       16.3762274,
       48.18351592
      ]
     ]
    ],
    "type": "Polygon"
   },
   "geometry_name": "SHAPE",
   "id": "GEBAEUDETYPOGD.23044343",
   "properties": {
    "ACD": "142087",
    "BAUTYP": 0,
    "BAUTYP_TXT": "Keine Angabe",
    "BEZUG": "142087",
    "OBJECTID": 23044343,
    "OBJ_STR": null,
    "OBJ_STR2": 33,
    "OBJ_STR2_TXT": "nach 1945",
    "OBJ_STR_TXT": null,
    "SE_ANNO_CAD_DATA": null
   },
   "type": "Feature"
  },
  {
   "geometry": {
    "coordinates": [
     [
      [
       16.37619765,
       48.18332591
      ],
      [
       16.37615546,
       48.18347114
      ],
      [
       16.3761541,
       48.18347097
      ],
      [
       16.37617722,
       48.18338853
      ],
      [
       16.37619425,
       48.18332779
      ],
      [
       16.37619487,
       48.18332557
      ],
      [
       16.37619765,
       48.18332591
      ]
     ]
    ],
    "type": "Polygon"
   },
   "geometry_name": "SHAPE",
   "id": "GEBAEUDETYPOGD.23044348",
   "properties": {
    "ACD": "142087",
    "BAUTYP": 0,
    "BAUTYP_TXT": "Keine Angabe",
    "BEZUG": "142087",
    "OBJECTID": 23044348,
    "OBJ_STR": null,
    "OBJ_STR2": 33,
    "OBJ_STR2_TXT": "nach 1945",
    "OBJ_STR_TXT": null,
    "SE_ANNO_CAD_DATA": null
   },
   "type": "Feature"
  },
  {
   "geometry": {
    "coordinates": [
     [
      [
       16.37620301,
       48.18332653
      ],
      [
       16.37614664,
       48.18352811
      ],
      [
       16.37613836,
       48.18352711
      ],
      [
       16.37614061,
       48.18351908
      ],
      [
       16.37614191,
       48.18351924
      ],
      [
       16.37615176,
       48.18348448
      ],
      [
       16.37615036,
       48.18348431
      ],
      [
       16.3761541,
       48.18347097
      ],
      [
       16.37615546,
       48.18347114
      ],
      [
       16.37619765,
       48.18332591
      ],
      [
       16.37620301,
       48.18332653
      ]
     ]
    ],
    "type": "Polygon"
   },
   "geometry_name": "SHAPE",
   "id": "GEBAEUDETYPOGD.23046691",
   "properties": {
    "ACD": "142087",
    "BAUTYP": 0,
    "BAUTYP_TXT": "Keine Angabe",
    "BEZUG": "142087",
    "OBJECTID": 23046691,
    "OBJ_STR": null,
    "OBJ_STR2": 33,
    "OBJ_STR2_TXT": "nach 1945",
    "OBJ_STR_TXT": null,
    "SE_ANNO_CAD_DATA": null
   },
   "type": "Feature"
  },
  {
   "geometry": {
    "coordinates": [
     [
      [
       16.37615176,
       48.18348448
      ],
      [
       16.37614191,
       48.18351924
      ],
      [
       16.37614061,
       48.18351908
      ],
      [
       16.37615036,
       48.18348431
      ],
      [
       16.37615176,
       48.18348448
      ]
     ]
    ],
    "type": "Polygon"
   },
   "geometry_name": "SHAPE",
   "id": "GEBAEUDETYPOGD.23045401",
   "properties": {
    "ACD": "142087",
    "BAUTYP": 0,
    "BAUTYP_TXT": "Keine Angabe",
    "BEZUG": "142087",
    "OBJECTID": 23045401,
    "OBJ_STR": null,
    "OBJ_STR2": 33,
    "OBJ_STR2_TXT": "nach 1945",
    "OBJ_STR_TXT": null,
    "SE_ANNO_CAD_DATA": null
   },
   "type": "Feature"
  },
  {
   "geometry": {
    "coordinates": [
     [
      [
       16.37825366,
       48.18788234
      ],
      [
       16.3782452,
       48.18789431
      ],
      [
       16.37809641,
       48.18784697
      ],
      [
       16.37810488,
       48.187835
      ],
      [
       16.37825366,
       48.18788234
      ]
     ]
    ],
    "type": "Polygon"
   },
   "geometry_name": "SHAPE",
   "id": "GEBAEUDETYPOGD.23252949",
   "properties": {
    "ACD": "104035",
    "BAUTYP": 25,
    "BAUTYP_TXT": "W6.1.-Sonderwohnbauten-Hotel und Pension",
    "BEZUG": "104035",
    "OBJECTID": 23252949,
    "OBJ_STR": 0,
    "OBJ_STR2": 33,
    "OBJ_STR2_TXT": "nach 1945",
    "OBJ_STR_TXT": "Keine Angabe",
    "SE_ANNO_CAD_DATA": null
   },
   "type": "Feature"
  },
  {
   "geometry": {
    "coordinates": [
     [
      [
       16.37837215,
       48.18775035
      ],
      [
       16.37836176,
       48.18776515
      ],
      [
       16.37832248,
       48.1877525
      ],
      [
       16.3783255,
       48.18774823
      ],
      [
       16.37805201,
       48.18766127
      ],
      [
       16.37804962,
       48.18766464
      ],
      [
       16.378008,
       48.18765124
      ],
      [
       16.37800761,
       48.18765111
      ],
      [
       16.37801821,
       48.18763641
      ],
      [
       16.37817875,
       48.18768762
      ],
      [
       16.37821151,
       48.18769804
      ],
      [
       16.37821382,
       48.18769878
      ],
      [
       16.37837285,
       48.18774938
      ],
      [
       16.37837215,
       48.18775035
      ]
     ]
    ],
    "type": "Polygon"
   },
   "geometry_name": "SHAPE",
   "id": "GEBAEUDETYPOGD.23252923",
   "properties": {
    "ACD": "104035",
    "BAUTYP": 25,
    "BAUTYP_TXT": "W6.1.-Sonderwohnbauten-Hotel und Pension",
    "BEZUG": "104035",
    "OBJECTID": 23252923,
    "OBJ_STR": 0,
    "OBJ_STR2": 33,
    "OBJ_STR2_TXT": "nach 1945",
    "OBJ_STR_TXT": "Keine Angabe",
    "SE_ANNO_CAD_DATA": null
   },
   "type": "Feature"
  },
  {
   "geometry": {
    "coordinates": [
     [
      [
       16.37804962,
       48.18766464
      ],
      [
       16.37803965,
       48.18767872
      ],
      [
       16.37799775,
       48.18766538
      ],
      [
       16.3779974,
       48.18766527
      ],
      [
       16.37799822,
       48.18766412
      ],
      [
       16.37800761,
       48.18765111
      ],
      [
       16.378008,
       48.18765124
      ],
      [
       16.37804962,
       48.18766464
      ]
     ]
    ],
    "type": "Polygon"
   },
   "geometry_name": "SHAPE",
   "id": "GEBAEUDETYPOGD.23252909",
   "properties": {
    "ACD": "104035",
    "BAUTYP": 25,
    "BAUTYP_TXT": "W6.1.-Sonderwohnbauten-Hotel und Pension",
    "BEZUG": "104035",
    "OBJECTID": 23252909,
    "OBJ_STR": 0,
    "OBJ_STR2": 33,
    "OBJ_STR2_TXT": "nach 1945",
    "OBJ_STR_TXT": "Keine Angabe",
    "SE_ANNO_CAD_DATA": null
   },
   "type": "Feature"
  },
  {
   "geometry": {
    "coordinates": [
     [
      [
       [
        16.37831221,
        48.18783539
       ],
       [
        16.3782819,
        48.18787828
       ],
       [
        16.37792556,
        48.18776491
       ],
       [
        16.37792902,
        48.18776008
       ],
       [
        16.3779503,
        48.18773057
       ],
       [
        16.3779974,
        48.18766527
       ],
       [
        16.37799775,
        48.18766538
       ],
       [
        16.37803965,
        48.18767872
       ],
       [
        16.37804962,
        48.18766464
       ],
       [
        16.37805201,
        48.18766127
       ],
       [
        16.3783255,
        48.18774823
       ],
       [
        16.37832248,
        48.1877525
       ],
       [
        16.37831315,
        48.18776568
       ],
       [
        16.37835256,
        48.18777825
       ],
       [
        16.3783128,
        48.18783457
       ],
       [
        16.37831221,
        48.18783539
       ]
      ],
      [
       [
        16.37824312,
        48.18784692
       ],
       [
        16.37828034,
        48.18785801
       ],
       [
        16.37830512,
        48.1878208
       ],
       [
        16.37826954,
        48.1878102
       ],
       [
        16.37827166,
        48.18780701
       ],
       [
        16.37820912,
        48.1877884
       ],
       [
        16.37818867,
        48.18781911
       ],
       [
        16.37817622,
        48.18783781
       ],
       [
        16.37823711,
        48.18785594
       ],
       [
        16.37824312,
        48.18784692
       ]
      ]
     ]
    ],
    "type": "MultiPolygon"
   },
   "geometry_name": "SHAPE",
   "id": "GEBAEUDETYPOGD.23246152",
   "properties": {
    "ACD": "104035",
    "BAUTYP": 25,
    "BAUTYP_TXT": "W6.1.-Sonderwohnbauten-Hotel und Pension",
    "BEZUG": "104035",
    "OBJECTID": 23246152,
    "OBJ_STR": 0,
    "OBJ_STR2": 33,
    "OBJ_STR2_TXT": "nach 1945",
    "OBJ_STR_TXT": "Keine Angabe",
    "SE_ANNO_CAD_DATA": null
   },
   "type": "Feature"
  },
  {
   "geometry": {
    "coordinates": [
     [
      [
       16.37823107,
       48.18767379
      ],
      [
       16.37821382,
       48.18769878
      ],
      [
       16.37821151,
       48.18769804
      ],
      [
       16.37817875,
       48.18768762
      ],
      [
       16.37819578,
       48.18766292
      ],
      [
       16.37823107,
       48.18767379
      ]
     ]
    ],
    "type": "Polygon"
   },
   "geometry_name": "SHAPE",
   "id": "GEBAEUDETYPOGD.23252911",
   "properties": {
    "ACD": "104035",
    "BAUTYP": 25,
    "BAUTYP_TXT": "W6.1.-Sonderwohnbauten-Hotel und Pension",
    "BEZUG": "104035",
    "OBJECTID": 23252911,
    "OBJ_STR": 0,
    "OBJ_STR2": 33,
    "OBJ_STR2_TXT": "nach 1945",
    "OBJ_STR_TXT": "Keine Angabe",
    "SE_ANNO_CAD_DATA": null
   },
   "type": "Feature"
  },
  {
   "geometry": {
    "coordinates": [
     [
      [
       16.37836058,
       48.18776682
      ],
      [
       16.37835256,
       48.18777825
      ],
      [
       16.37831315,
       48.18776568
      ],
      [
       16.37832248,
       48.1877525
      ],
      [
       16.37836176,
       48.18776515
      ],
      [
       16.37836058,
       48.18776682
      ]
     ]
    ],
    "type": "Polygon"
   },
   "geometry_name": "SHAPE",
   "id": "GEBAEUDETYPOGD.23252924",
   "properties": {
    "ACD": "104035",
    "BAUTYP": 25,
    "BAUTYP_TXT": "W6.1.-Sonderwohnbauten-Hotel und Pension",
    "BEZUG": "104035",
    "OBJECTID": 23252924,
    "OBJ_STR": 0,
    "OBJ_STR2": 33,
    "OBJ_STR2_TXT": "nach 1945",
    "OBJ_STR_TXT": "Keine Angabe",
    "SE_ANNO_CAD_DATA": null
   },
   "type": "Feature"
  },
  {
   "geometry": {
    "coordinates": [
     [
      [
       16.3782819,
       48.18787828
      ],
      [
       16.37827438,
       48.18788899
      ],
      [
       16.37825366,
       48.18788234
      ],
      [
       16.37810488,
       48.187835
      ],
      [
       16.37807936,
       48.18782689
      ],
      [
       16.37791787,
       48.18777555
      ],
      [
       16.37792556,
       48.18776491
      ],
      [
       16.3782819,
       48.18787828
      ]
     ]
    ],
    "type": "Polygon"
   },
   "geometry_name": "SHAPE",
   "id": "GEBAEUDETYPOGD.23252947",
   "properties": {
    "ACD": "104035",
    "BAUTYP": 25,
    "BAUTYP_TXT": "W6.1.-Sonderwohnbauten-Hotel und Pension",
    "BEZUG": "104035",
    "OBJECTID": 23252947,
    "OBJ_STR": 0,
    "OBJ_STR2": 33,
    "OBJ_STR2_TXT": "nach 1945",
    "OBJ_STR_TXT": "Keine Angabe",
    "SE_ANNO_CAD_DATA": null
   },
   "type": "Feature"
  },
  {
   "geometry": {
    "coordinates": [
     [
      [
       16.37826954,
       48.1878102
      ],
      [
       16.3782488,
       48.18783814
      ],
      [
       16.37818867,
       48.18781911
      ],
      [
       16.37820912,
       48.1877884
      ],
      [
       16.37827166,
       48.18780701
      ],
      [
       16.37826954,
       48.1878102
      ]
     ]
    ],
    "type": "Polygon"
   },
   "geometry_name": "SHAPE",
   "id": "GEBAEUDETYPOGD.23252939",
   "properties": {
    "ACD": "104035",
    "BAUTYP": 25,
    "BAUTYP_TXT": "W6.1.-Sonderwohnbauten-Hotel und Pension",
    "BEZUG": "104035",
    "OBJECTID": 23252939,
    "OBJ_STR": 0,
    "OBJ_STR2": 33,
    "OBJ_STR2_TXT": "nach 1945",
    "OBJ_STR_TXT": "Keine Angabe",
    "SE_ANNO_CAD_DATA": null
   },
   "type": "Feature"
  },
  {
   "geometry": {
    "coordinates": [
     [
      [
       16.37830512,
       48.1878208
      ],
      [
       16.37828034,
       48.18785801
      ],
      [
       16.37824312,
       48.18784692
      ],
      [
       16.37823711,
       48.18785594
      ],
      [
       16.37817622,
       48.18783781
      ],
      [
       16.37818867,
       48.18781911
      ],
      [
       16.3782488,
       48.18783814
      ],
      [
       16.37826954,
       48.1878102
      ],
      [
       16.37830512,
       48.1878208
      ]
     ]
    ],
    "type": "Polygon"
   },
   "geometry_name": "SHAPE",
   "id": "GEBAEUDETYPOGD.23252942",
   "properties": {
    "ACD": "104035",
    "BAUTYP": 25,
    "BAUTYP_TXT": "W6.1.-Sonderwohnbauten-Hotel und Pension",
    "BEZUG": "104035",
    "OBJECTID": 23252942,
    "OBJ_STR": 0,
    "OBJ_STR2": 33,
    "OBJ_STR2_TXT": "nach 1945",
    "OBJ_STR_TXT": "Keine Angabe",
    "SE_ANNO_CAD_DATA": null
   },
   "type": "Feature"
  },
  {
   "geometry": {
    "coordinates": [
     [
      [
       16.3782452,
       48.18789431
      ],
      [
       16.37823996,
       48.18790171
      ],
      [
       16.37806414,
       48.18784956
      ],
      [
       16.37807936,
       48.18782689
      ],
      [
       16.37810488,
       48.187835
      ],
      [
       16.37809641,
       48.18784697
      ],
      [
       16.3782452,
       48.18789431
      ]
     ]
    ],
    "type": "Polygon"
   },
   "geometry_name": "SHAPE",
   "id": "GEBAEUDETYPOGD.23252950",
   "properties": {
    "ACD": "104035",
    "BAUTYP": 25,
    "BAUTYP_TXT": "W6.1.-Sonderwohnbauten-Hotel und Pension",
    "BEZUG": "104035",
    "OBJECTID": 23252950,
    "OBJ_STR": 0,
    "OBJ_STR2": 33,
    "OBJ_STR2_TXT": "nach 1945",
    "OBJ_STR_TXT": "Keine Angabe",
    "SE_ANNO_CAD_DATA": null
   },
   "type": "Feature"
  },
  {
   "geometry": {
    "coordinates": [
     [
      [
       16.3765949,
       48.18760361
      ],
      [
       16.37655945,
       48.18767961
      ],
      [
       16.37655255,
       48.18767816
      ],
      [
       16.37651061,
       48.18766932
      ],
      [
       16.37633681,
       48.1876327
      ],
      [
       16.37636271,
       48.18753399
      ],
      [
       16.37660052,
       48.18758356
      ],
      [
       16.37660332,
       48.18758415
      ],
      [
       16.37660389,
       48.18758427
      ],
      [
       16.3765949,
       48.18760361
      ]
     ]
    ],
    "type": "Polygon"
   },
   "geometry_name": "SHAPE",
   "id": "GEBAEUDETYPOGD.23246201",
   "properties": {
    "ACD": "008158",
    "BAUTYP": 18,
    "BAUTYP_TXT": "W4.1.-soz.u.gemeinn.Wohnb.-Baulückenbebauungen",
    "BEZUG": "008158",
    "OBJECTID": 23246201,
    "OBJ_STR": null,
    "OBJ_STR2": 33,
    "OBJ_STR2_TXT": "nach 1945",
    "OBJ_STR_TXT": null,
    "SE_ANNO_CAD_DATA": null
   },
   "type": "Feature"
  },
  {
   "geometry": {
    "coordinates": [
     [
      [
       16.37632366,
       48.18795156
      ],
      [
       16.3763231,
       48.18795381
      ],
      [
       16.37625477,
       48.1879461
      ],
      [
       16.37625986,
       48.18792541
      ],
      [
       16.37627113,
       48.18788098
      ],
      [
       16.37627287,
       48.18787424
      ],
      [
       16.37629439,
       48.18787666
      ],
      [
       16.3763054,
       48.18785237
      ],
      [
       16.37632463,
       48.18785623
      ],
      [
       16.37630825,
       48.18789266
      ],
      [
       16.37632037,
       48.18790866
      ],
      [
       16.37633409,
       48.18791028
      ],
      [
       16.37632366,
       48.18795156
      ]
     ]
    ],
    "type": "Polygon"
   },
   "geometry_name": "SHAPE",
   "id": "GEBAEUDETYPOGD.23246127",
   "properties": {
    "ACD": "008159",
    "BAUTYP": 10,
    "BAUTYP_TXT": "W3.1.-Mieth.s.d.Gründerzeit-Straßentrakter",
    "BEZUG": "008159",
    "OBJECTID": 23246127,
    "OBJ_STR": null,
    "OBJ_STR2": 31,
    "OBJ_STR2_TXT": "1848 -1918",
    "OBJ_STR_TXT": null,
    "SE_ANNO_CAD_DATA": null
   },
   "type": "Feature"
  },
  {
   "geometry": {
    "coordinates": [
     [
      [
       16.37636838,
       48.18790478
      ],
      [
       16.37634539,
       48.18791153
      ],
      [
       16.37633409,
       48.18791028
      ],
      [
       16.37632037,
       48.18790866
      ],
      [
       16.37630825,
       48.18789266
      ],
      [
       16.37632463,
       48.18785623
      ],
      [
       16.3763054,
       48.18785237
      ],
      [
       16.37627971,
       48.18784716
      ],
      [
       16.37630009,
       48.18776676
      ],
      [
       16.37644321,
       48.18779555
      ],
      [
       16.37646057,
       48.18779904
      ],
      [
       16.37647011,
       48.18780096
      ],
      [
       16.3764303,
       48.18788895
      ],
      [
       16.3764207,
       48.18791016
      ],
      [
       16.37637053,
       48.18790001
      ],
      [
       16.37636838,
       48.18790478
      ]
     ]
    ],
    "type": "Polygon"
   },
   "geometry_name": "SHAPE",
   "id": "GEBAEUDETYPOGD.23246145",
   "properties": {
    "ACD": "008159",
    "BAUTYP": 10,
    "BAUTYP_TXT": "W3.1.-Mieth.s.d.Gründerzeit-Straßentrakter",
    "BEZUG": "008159",
    "OBJECTID": 23246145,
    "OBJ_STR": null,
    "OBJ_STR2": 31,
    "OBJ_STR2_TXT": "1848 -1918",
    "OBJ_STR_TXT": null,
    "SE_ANNO_CAD_DATA": null
   },
   "type": "Feature"
  },
  {
   "geometry": {
    "coordinates": [
     [
      [
       16.37704357,
       48.18813303
      ],
      [
       16.3770434,
       48.18813337
      ],
      [
       16.37693704,
       48.18810585
      ],
      [
       16.37693744,
       48.18810486
      ],
      [
       16.37693582,
       48.18810441
      ],
      [
       16.37698637,
       48.18800811
      ],
      [
       16.37699443,
       48.18799276
      ],
      [
       16.37699719,
       48.18798748
      ],
      [
       16.37699854,
       48.1879873
      ],
      [
       16.37702553,
       48.18793719
      ],
      [
       16.37702432,
       48.18793719
      ],
      [
       16.37704567,
       48.18789681
      ],
      [
       16.37704769,
       48.18789717
      ],
      [
       16.37704769,
       48.18789691
      ],
      [
       16.37704769,
       48.18789663
      ],
      [
       16.37715818,
       48.18792394
      ],
      [
       16.37714096,
       48.18795751
      ],
      [
       16.37715961,
       48.18796204
      ],
      [
       16.37716758,
       48.18797239
      ],
      [
       16.37714975,
       48.18800491
      ],
      [
       16.37713958,
       48.18800854
      ],
      [
       16.3771248,
       48.18800571
      ],
      [
       16.37711461,
       48.18802504
      ],
      [
       16.37712642,
       48.18802764
      ],
      [
       16.37711722,
       48.18804635
      ],
      [
       16.37710433,
       48.18804347
      ],
      [
       16.37709456,
       48.18806137
      ],
      [
       16.37711865,
       48.18806764
      ],
      [
       16.37709628,
       48.18811413
      ],
      [
       16.37705762,
       48.1881059
      ],
      [
       16.37704357,
       48.18813303
      ]
     ]
    ],
    "type": "Polygon"
   },
   "geometry_name": "SHAPE",
   "id": "GEBAEUDETYPOGD.23246069",
   "properties": {
    "ACD": "008151",
    "BAUTYP": 12,
    "BAUTYP_TXT": "W3.8.-Mieth.s.d.Gründerzeit-Hoftrakt",
    "BEZUG": "204438",
    "OBJECTID": 23246069,
    "OBJ_STR": 6,
    "OBJ_STR2": null,
    "OBJ_STR2_TXT": null,
    "OBJ_STR_TXT": "1860-1883",
    "SE_ANNO_CAD_DATA": null
   },
   "type": "Feature"
  },
  {
   "geometry": {
    "coordinates": [
     [
      [
       16.37715776,
       48.18801363
      ],
      [
       16.37714789,
       48.18803236
      ],
      [
       16.37712642,
       48.18802764
      ],
      [
       16.37711461,
       48.18802504
      ],
      [
       16.3771248,
       48.18800571
      ],
      [
       16.37713958,
       48.18800854
      ],
      [
       16.37714975,
       48.18800491
      ],
      [
       16.37716758,
       48.18797239
      ],
      [
       16.37715961,
       48.18796204
      ],
      [
       16.37714096,
       48.18795751
      ],
      [
       16.37715818,
       48.18792394
      ],
      [
       16.37718787,
       48.18793128
      ],
      [
       16.3771713,
       48.18796333
      ],
      [
       16.37719268,
       48.1879683
      ],
      [
       16.37719705,
       48.18796934
      ],
      [
       16.37720252,
       48.1879822
      ],
      [
       16.37718345,
       48.18801934
      ],
      [
       16.37715776,
       48.18801363
      ]
     ]
    ],
    "type": "Polygon"
   },
   "geometry_name": "SHAPE",
   "id": "GEBAEUDETYPOGD.23252969",
   "properties": {
    "ACD": "008151",
    "BAUTYP": 12,
    "BAUTYP_TXT": "W3.8.-Mieth.s.d.Gründerzeit-Hoftrakt",
    "BEZUG": "204438",
    "OBJECTID": 23252969,
    "OBJ_STR": 6,
    "OBJ_STR2": null,
    "OBJ_STR2_TXT": null,
    "OBJ_STR_TXT": "1860-1883",
    "SE_ANNO_CAD_DATA": null
   },
   "type": "Feature"
  },
  {
   "geometry": {
    "coordinates": [
     [
      [
       16.37720947,
       48.18793662
      ],
      [
       16.37719268,
       48.1879683
      ],
      [
       16.3771713,
       48.18796333
      ],
      [
       16.37718787,
       48.18793128
      ],
      [
       16.37720947,
       48.18793662
      ]
     ]
    ],
    "type": "Polygon"
   },
   "geometry_name": "SHAPE",
   "id": "GEBAEUDETYPOGD.23252963",
   "properties": {
    "ACD": "008151",
    "BAUTYP": 12,
    "BAUTYP_TXT": "W3.8.-Mieth.s.d.Gründerzeit-Hoftrakt",
    "BEZUG": "204438",
    "OBJECTID": 23252963,
    "OBJ_STR": 6,
    "OBJ_STR2": null,
    "OBJ_STR2_TXT": null,
    "OBJ_STR_TXT": "1860-1883",
    "SE_ANNO_CAD_DATA": null
   },
   "type": "Feature"
  },
  {
   "geometry": {
    "coordinates": [
     [
      [
       16.37711178,
       48.18812092
      ],
      [
       16.37709773,
       48.18814742
      ],
      [
       16.3770434,
       48.18813337
      ],
      [
       16.37704357,
       48.18813303
      ],
      [
       16.37705762,
       48.1881059
      ],
      [
       16.37709628,
       48.18811413
      ],
      [
       16.37711865,
       48.18806764
      ],
      [
       16.37709456,
       48.18806137
      ],
      [
       16.37710433,
       48.18804347
      ],
      [
       16.37711722,
       48.18804635
      ],
      [
       16.3771597,
       48.18805569
      ],
      [
       16.3771689,
       48.18803698
      ],
      [
       16.37714789,
       48.18803236
      ],
      [
       16.37715776,
       48.18801363
      ],
      [
       16.37718345,
       48.18801934
      ],
      [
       16.37720252,
       48.1879822
      ],
      [
       16.37719705,
       48.18796934
      ],
      [
       16.37721655,
       48.18797397
      ],
      [
       16.37722417,
       48.18798492
      ],
      [
       16.3772052,
       48.18801922
      ],
      [
       16.37718926,
       48.18802498
      ],
      [
       16.37717771,
       48.18802268
      ],
      [
       16.37715306,
       48.18807336
      ],
      [
       16.37716787,
       48.18807693
      ],
      [
       16.3771734,
       48.18808803
      ],
      [
       16.37715594,
       48.18812209
      ],
      [
       16.37713826,
       48.18812688
      ],
      [
       16.37711178,
       48.18812092
      ]
     ]
    ],
    "type": "Polygon"
   },
   "geometry_name": "SHAPE",
   "id": "GEBAEUDETYPOGD.23252987",
   "properties": {
    "ACD": "008151",
    "BAUTYP": 12,
    "BAUTYP_TXT": "W3.8.-Mieth.s.d.Gründerzeit-Hoftrakt",
    "BEZUG": "204438",
    "OBJECTID": 23252987,
    "OBJ_STR": 6,
    "OBJ_STR2": null,
    "OBJ_STR2_TXT": null,
    "OBJ_STR_TXT": "1860-1883",
    "SE_ANNO_CAD_DATA": null
   },
   "type": "Feature"
  },
  {
   "geometry": {
    "coordinates": [
     [
      [
       16.3769437,
       48.18768739
      ],
      [
       16.37690918,
       48.18775269
      ],
      [
       16.37674878,
       48.18771917
      ],
      [
       16.37658923,
       48.18768583
      ],
      [
       16.37655945,
       48.18767961
      ],
      [
       16.3765949,
       48.18760361
      ],
      [
       16.37672134,
       48.18763
      ],
      [
       16.37672978,
       48.18761407
      ],
      [
       16.37673087,
       48.18761201
      ],
      [
       16.37684979,
       48.1876403
      ],
      [
       16.37684387,
       48.18765145
      ],
      [
       16.37686486,
       48.18765648
      ],
      [
       16.37687077,
       48.18764533
      ],
      [
       16.37695457,
       48.18766511
      ],
      [
       16.37695534,
       48.18766529
      ],
      [
       16.3769437,
       48.18768739
      ]
     ]
    ],
    "type": "Polygon"
   },
   "geometry_name": "SHAPE",
   "id": "GEBAEUDETYPOGD.23246186",
   "properties": {
    "ACD": "008156",
    "BAUTYP": 18,
    "BAUTYP_TXT": "W4.1.-soz.u.gemeinn.Wohnb.-Baulückenbebauungen",
    "BEZUG": "008156",
    "OBJECTID": 23246186,
    "OBJ_STR": null,
    "OBJ_STR2": 33,
    "OBJ_STR2_TXT": "nach 1945",
    "OBJ_STR_TXT": null,
    "SE_ANNO_CAD_DATA": null
   },
   "type": "Feature"
  },
  {
   "geometry": {
    "coordinates": [
     [
      [
       16.376925,
       48.18775414
      ],
      [
       16.37692413,
       48.18775582
      ],
      [
       16.37690918,
       48.18775269
      ],
      [
       16.3769437,
       48.18768739
      ],
      [
       16.37695444,
       48.18768992
      ],
      [
       16.37692184,
       48.18775267
      ],
      [
       16.37692192,
       48.18775309
      ],
      [
       16.376925,
       48.18775414
      ]
     ]
    ],
    "type": "Polygon"
   },
   "geometry_name": "SHAPE",
   "id": "GEBAEUDETYPOGD.23248173",
   "properties": {
    "ACD": "008156",
    "BAUTYP": 18,
    "BAUTYP_TXT": "W4.1.-soz.u.gemeinn.Wohnb.-Baulückenbebauungen",
    "BEZUG": "008156",
    "OBJECTID": 23248173,
    "OBJ_STR": null,
    "OBJ_STR2": 33,
    "OBJ_STR2_TXT": "nach 1945",
    "OBJ_STR_TXT": null,
    "SE_ANNO_CAD_DATA": null
   },
   "type": "Feature"
  },
  {
   "geometry": {
    "coordinates": [
     [
      [
       16.3765839,
       48.18741998
      ],
      [
       16.37658669,
       48.18744263
      ],
      [
       16.37658307,
       48.18744179
      ],
      [
       16.37651635,
       48.18742629
      ],
      [
       16.37639581,
       48.18740929
      ],
      [
       16.37641903,
       48.18732173
      ],
      [
       16.3764248,
       48.18729986
      ],
      [
       16.37657492,
       48.18734722
      ],
      [
       16.3765839,
       48.18741998
      ]
     ]
    ],
    "type": "Polygon"
   },
   "geometry_name": "SHAPE",
   "id": "GEBAEUDETYPOGD.23248856",
   "properties": {
    "ACD": "008170",
    "BAUTYP": 18,
    "BAUTYP_TXT": "W4.1.-soz.u.gemeinn.Wohnb.-Baulückenbebauungen",
    "BEZUG": "008170",
    "OBJECTID": 23248856,
    "OBJ_STR": null,
    "OBJ_STR2": 33,
    "OBJ_STR2_TXT": "nach 1945",
    "OBJ_STR_TXT": null,
    "SE_ANNO_CAD_DATA": null
   },
   "type": "Feature"
  },
  {
   "geometry": {
    "coordinates": [
     [
      [
       16.37660623,
       48.18719069
      ],
      [
       16.37660425,
       48.18719301
      ],
      [
       16.37646559,
       48.18714927
      ],
      [
       16.37646594,
       48.18714879
      ],
      [
       16.37646766,
       48.18714644
      ],
      [
       16.37660623,
       48.18719069
      ]
     ]
    ],
    "type": "Polygon"
   },
   "geometry_name": "SHAPE",
   "id": "GEBAEUDETYPOGD.23246308",
   "properties": {
    "ACD": "008170",
    "BAUTYP": 18,
    "BAUTYP_TXT": "W4.1.-soz.u.gemeinn.Wohnb.-Baulückenbebauungen",
    "BEZUG": "008170",
    "OBJECTID": 23246308,
    "OBJ_STR": null,
    "OBJ_STR2": 33,
    "OBJ_STR2_TXT": "nach 1945",
    "OBJ_STR_TXT": null,
    "SE_ANNO_CAD_DATA": null
   },
   "type": "Feature"
  },
  {
   "geometry": {
    "coordinates": [
     [
      [
       16.37658004,
       48.18730012
      ],
      [
       16.37657086,
       48.18731313
      ],
      [
       16.3763898,
       48.187256
      ],
      [
       16.37639678,
       48.1872461
      ],
      [
       16.37645656,
       48.18716155
      ],
      [
       16.37663749,
       48.18721859
      ],
      [
       16.37662757,
       48.18723268
      ],
      [
       16.37658004,
       48.18730012
      ]
     ]
    ],
    "type": "Polygon"
   },
   "geometry_name": "SHAPE",
   "id": "GEBAEUDETYPOGD.23246285",
   "properties": {
    "ACD": "008170",
    "BAUTYP": 18,
    "BAUTYP_TXT": "W4.1.-soz.u.gemeinn.Wohnb.-Baulückenbebauungen",
    "BEZUG": "008170",
    "OBJECTID": 23246285,
    "OBJ_STR": null,
    "OBJ_STR2": 33,
    "OBJ_STR2_TXT": "nach 1945",
    "OBJ_STR_TXT": null,
    "SE_ANNO_CAD_DATA": null
   },
   "type": "Feature"
  },
  {
   "geometry": {
    "coordinates": [
     [
      [
       16.37657337,
       48.18733418
      ],
      [
       16.37657492,
       48.18734722
      ],
      [
       16.3764248,
       48.18729986
      ],
      [
       16.37641861,
       48.1872979
      ],
      [
       16.37642855,
       48.18728386
      ],
      [
       16.37638079,
       48.18726877
      ],
      [
       16.3763898,
       48.187256
      ],
      [
       16.37657086,
       48.18731313
      ],
      [
       16.37657337,
       48.18733418
      ]
     ]
    ],
    "type": "Polygon"
   },
   "geometry_name": "SHAPE",
   "id": "GEBAEUDETYPOGD.23246277",
   "properties": {
    "ACD": "008170",
    "BAUTYP": 18,
    "BAUTYP_TXT": "W4.1.-soz.u.gemeinn.Wohnb.-Baulückenbebauungen",
    "BEZUG": "008170",
    "OBJECTID": 23246277,
    "OBJ_STR": null,
    "OBJ_STR2": 33,
    "OBJ_STR2_TXT": "nach 1945",
    "OBJ_STR_TXT": null,
    "SE_ANNO_CAD_DATA": null
   },
   "type": "Feature"
  },
  {
   "geometry": {
    "coordinates": [
     [
      [
       16.37664651,
       48.18720651
      ],
      [
       16.37663749,
       48.18721859
      ],
      [
       16.37645656,
       48.18716155
      ],
      [
       16.37646559,
       48.18714927
      ],
      [
       16.37660425,
       48.18719301
      ],
      [
       16.37660467,
       48.18719314
      ],
      [
       16.37664108,
       48.18720462
      ],
      [
       16.37664676,
       48.18720618
      ],
      [
       16.37664651,
       48.18720651
      ]
     ]
    ],
    "type": "Polygon"
   },
   "geometry_name": "SHAPE",
   "id": "GEBAEUDETYPOGD.23246303",
   "properties": {
    "ACD": "008170",
    "BAUTYP": 18,
    "BAUTYP_TXT": "W4.1.-soz.u.gemeinn.Wohnb.-Baulückenbebauungen",
    "BEZUG": "008170",
    "OBJECTID": 23246303,
    "OBJ_STR": null,
    "OBJ_STR2": 33,
    "OBJ_STR2_TXT": "nach 1945",
    "OBJ_STR_TXT": null,
    "SE_ANNO_CAD_DATA": null
   },
   "type": "Feature"
  },
  {
   "geometry": {
    "coordinates": [
     [
      [
       [
        16.37596299,
        48.18786445
       ],
       [
        16.37593524,
        48.18797643
       ],
       [
        16.37563904,
        48.18791555
       ],
       [
        16.37566235,
        48.18782111
       ],
       [
        16.37566666,
        48.18780358
       ],
       [
        16.37576109,
        48.18782297
       ],
       [
        16.37577252,
        48.18782099
       ],
       [
        16.37577117,
        48.18781892
       ],
       [
        16.37577023,
        48.18781667
       ],
       [
        16.37576942,
        48.18781452
       ],
       [
        16.37576888,
        48.18781227
       ],
       [
        16.37576861,
        48.18780993
       ],
       [
        16.37576861,
        48.18780768
       ],
       [
        16.37576874,
        48.18780543
       ],
       [
        16.37576928,
        48.18780318
       ],
       [
        16.37576995,
        48.18780094
       ],
       [
        16.37577102,
        48.18779878
       ],
       [
        16.37577223,
        48.18779662
       ],
       [
        16.37577358,
        48.18779455
       ],
       [
        16.37577532,
        48.18779257
       ],
       [
        16.3757772,
        48.18779068
       ],
       [
        16.37577936,
        48.18778888
       ],
       [
        16.37578164,
        48.18778717
       ],
       [
        16.37578262,
        48.18778655
       ],
       [
        16.37573085,
        48.1877765
       ],
       [
        16.37573519,
        48.18776775
       ],
       [
        16.37567825,
        48.18775653
       ],
       [
        16.37570595,
        48.18764466
       ],
       [
        16.37586303,
        48.1876769
       ],
       [
        16.37588537,
        48.18768148
       ],
       [
        16.37595524,
        48.18769581
       ],
       [
        16.37599341,
        48.18770365
       ],
       [
        16.37600255,
        48.18770553
       ],
       [
        16.37597585,
        48.1878127
       ],
       [
        16.37597262,
        48.18781203
       ],
       [
        16.37596209,
        48.18780987
       ],
       [
        16.37595691,
        48.18782329
       ],
       [
        16.37588945,
        48.1878101
       ],
       [
        16.37589452,
        48.18780277
       ],
       [
        16.37585988,
        48.18779598
       ],
       [
        16.37584973,
        48.18781802
       ],
       [
        16.37584299,
        48.18783267
       ],
       [
        16.37584166,
        48.18783554
       ],
       [
        16.3758461,
        48.18784048
       ],
       [
        16.37595978,
        48.18786379
       ],
       [
        16.37596299,
        48.18786445
       ]
      ],
      [
       [
        16.37576345,
        48.1878615
       ],
       [
        16.3757827,
        48.18786547
       ],
       [
        16.37578974,
        48.18785009
       ],
       [
        16.3757705,
        48.18784612
       ],
       [
        16.37576345,
        48.1878615
       ]
      ]
     ]
    ],
    "type": "MultiPolygon"
   },
   "geometry_name": "SHAPE",
   "id": "GEBAEUDETYPOGD.23248245",
   "properties": {
    "ACD": "008162",
    "BAUTYP": 13,
    "BAUTYP_TXT": "W3.3.-Mieth.s.d.Gründerzeit-Doppeltrakter mit Verbindungstr.",
    "BEZUG": "008162",
    "OBJECTID": 23248245,
    "OBJ_STR": 7,
    "OBJ_STR2": 0,
    "OBJ_STR2_TXT": "Keine Angabe",
    "OBJ_STR_TXT": "1884-1918",
    "SE_ANNO_CAD_DATA": null
   },
   "type": "Feature"
  },
  {
   "geometry": {
    "coordinates": [
     [
      [
       [
        16.37625477,
        48.1879461
       ],
       [
        16.37623265,
        48.18803604
       ],
       [
        16.37593846,
        48.18797707
       ],
       [
        16.37593524,
        48.18797643
       ],
       [
        16.37596299,
        48.18786445
       ],
       [
        16.37606415,
        48.18788519
       ],
       [
        16.37607544,
        48.18788321
       ],
       [
        16.3760741,
        48.18788132
       ],
       [
        16.37607302,
        48.18787934
       ],
       [
        16.37607208,
        48.18787736
       ],
       [
        16.37607154,
        48.1878753
       ],
       [
        16.37607113,
        48.18787323
       ],
       [
        16.376071,
        48.18787116
       ],
       [
        16.37607126,
        48.187869
       ],
       [
        16.37607166,
        48.18786693
       ],
       [
        16.37607234,
        48.18786486
       ],
       [
        16.37607328,
        48.18786288
       ],
       [
        16.37607448,
        48.187861
       ],
       [
        16.37607583,
        48.18785911
       ],
       [
        16.37607744,
        48.18785731
       ],
       [
        16.37607932,
        48.1878556
       ],
       [
        16.37608362,
        48.18785254
       ],
       [
        16.37608604,
        48.18785128
       ],
       [
        16.37608873,
        48.18785002
       ],
       [
        16.37609142,
        48.18784903
       ],
       [
        16.37609424,
        48.18784813
       ],
       [
        16.3760972,
        48.18784741
       ],
       [
        16.3761003,
        48.18784687
       ],
       [
        16.37610325,
        48.18784651
       ],
       [
        16.37605671,
        48.1878369
       ],
       [
        16.37605993,
        48.18782997
       ],
       [
        16.37597585,
        48.1878127
       ],
       [
        16.37600255,
        48.18770553
       ],
       [
        16.37616045,
        48.18773802
       ],
       [
        16.37618302,
        48.18774267
       ],
       [
        16.37630009,
        48.18776676
       ],
       [
        16.37627971,
        48.18784716
       ],
       [
        16.37627287,
        48.18787424
       ],
       [
        16.37619698,
        48.18785921
       ],
       [
        16.37619449,
        48.1878652
       ],
       [
        16.37616257,
        48.18785863
       ],
       [
        16.37614458,
        48.18789775
       ],
       [
        16.37614902,
        48.1879027
       ],
       [
        16.37625986,
        48.18792541
       ],
       [
        16.37625477,
        48.1879461
       ]
      ],
      [
       [
        16.37607677,
        48.18786197
       ],
       [
        16.37608381,
        48.18788665
       ],
       [
        16.37611592,
        48.18788256
       ],
       [
        16.37613298,
        48.18785261
       ],
       [
        16.37607677,
        48.18786197
       ]
      ],
      [
       [
        16.37603285,
        48.18793493
       ],
       [
        16.3760502,
        48.18793853
       ],
       [
        16.37605369,
        48.18793088
       ],
       [
        16.37603634,
        48.18792729
       ],
       [
        16.37603285,
        48.18793493
       ]
      ],
      [
       [
        16.37610857,
        48.18793455
       ],
       [
        16.37612148,
        48.18793724
       ],
       [
        16.37612511,
        48.18792933
       ],
       [
        16.37611219,
        48.18792663
       ],
       [
        16.37610857,
        48.18793455
       ]
      ]
     ]
    ],
    "type": "MultiPolygon"
   },
   "geometry_name": "SHAPE",
   "id": "GEBAEUDETYPOGD.23246090",
   "properties": {
    "ACD": "008161",
    "BAUTYP": 13,
    "BAUTYP_TXT": "W3.3.-Mieth.s.d.Gründerzeit-Doppeltrakter mit Verbindungstr.",
    "BEZUG": "008161",
    "OBJECTID": 23246090,
    "OBJ_STR": 7,
    "OBJ_STR2": 0,
    "OBJ_STR2_TXT": "Keine Angabe",
    "OBJ_STR_TXT": "1884-1918",
    "SE_ANNO_CAD_DATA": null
   },
   "type": "Feature"
  },
  {
   "geometry": {
    "coordinates": [
     [
      [
       16.37611592,
       48.18788256
      ],
      [
       16.37608381,
       48.18788665
      ],
      [
       16.37607677,
       48.18786197
      ],
      [
       16.37613298,
       48.18785261
      ],
      [
       16.37611592,
       48.18788256
      ]
     ]
    ],
    "type": "Polygon"
   },
   "geometry_name": "SHAPE",
   "id": "GEBAEUDETYPOGD.23248243",
   "properties": {
    "ACD": "008161",
    "BAUTYP": 13,
    "BAUTYP_TXT": "W3.3.-Mieth.s.d.Gründerzeit-Doppeltrakter mit Verbindungstr.",
    "BEZUG": "008161",
    "OBJECTID": 23248243,
    "OBJ_STR": 7,
    "OBJ_STR2": 0,
    "OBJ_STR2_TXT": "Keine Angabe",
    "OBJ_STR_TXT": "1884-1918",
    "SE_ANNO_CAD_DATA": null
   },
   "type": "Feature"
  }
 ],
 "numberMatched": 97,
 "numberReturned": 97,
 "timeStamp": "2026-08-03T23:14:49.828Z",
 "totalFeatures": 97,
 "type": "FeatureCollection"
}
